-- MySQL dump 10.13  Distrib 5.7.17, for Win64 (x86_64)
--
-- Host: localhost    Database: portal_yii2
-- ------------------------------------------------------
-- Server version	5.7.14

/*!40101 SET @OLD_CHARACTER_SET_CLIENT=@@CHARACTER_SET_CLIENT */;
/*!40101 SET @OLD_CHARACTER_SET_RESULTS=@@CHARACTER_SET_RESULTS */;
/*!40101 SET @OLD_COLLATION_CONNECTION=@@COLLATION_CONNECTION */;
/*!40101 SET NAMES utf8 */;
/*!40103 SET @OLD_TIME_ZONE=@@TIME_ZONE */;
/*!40103 SET TIME_ZONE='+00:00' */;
/*!40014 SET @OLD_UNIQUE_CHECKS=@@UNIQUE_CHECKS, UNIQUE_CHECKS=0 */;
/*!40014 SET @OLD_FOREIGN_KEY_CHECKS=@@FOREIGN_KEY_CHECKS, FOREIGN_KEY_CHECKS=0 */;
/*!40101 SET @OLD_SQL_MODE=@@SQL_MODE, SQL_MODE='NO_AUTO_VALUE_ON_ZERO' */;
/*!40111 SET @OLD_SQL_NOTES=@@SQL_NOTES, SQL_NOTES=0 */;

--
-- Table structure for table `audit_requests`
--

DROP TABLE IF EXISTS `audit_requests`;
/*!40101 SET @saved_cs_client     = @@character_set_client */;
/*!40101 SET character_set_client = utf8 */;
CREATE TABLE `audit_requests` (
  `id` int(11) NOT NULL AUTO_INCREMENT,
  `db_id` int(11) DEFAULT NULL,
  `sb_id` varchar(45) DEFAULT NULL,
  `old_status` varchar(45) DEFAULT NULL,
  `new_status` varchar(45) DEFAULT NULL,
  `old_driver_id` int(11) DEFAULT NULL,
  `new_driver_id` int(11) DEFAULT NULL,
  `old_workgroup_id` int(11) DEFAULT NULL,
  `new_workgroup_id` int(11) DEFAULT NULL,
  `old_assignee` varchar(250) DEFAULT NULL,
  `new_assignee` varchar(250) DEFAULT NULL,
  `old_ride_start_time` int(11) DEFAULT NULL,
  `new_ride_start_time` int(11) DEFAULT NULL,
  `old_ride_end_time` int(11) DEFAULT NULL,
  `new_ride_end_time` int(11) DEFAULT NULL,
  `old_ride_duration` varchar(250) DEFAULT NULL,
  `new_ride_duration` varchar(250) DEFAULT NULL,
  `old_ride_distance` varchar(250) DEFAULT NULL,
  `new_ride_distance` varchar(250) DEFAULT NULL,
  `old_ride_idle_time` varchar(250) DEFAULT NULL,
  `new_ride_idle_time` varchar(250) DEFAULT NULL,
  `old_ride_price` varchar(250) DEFAULT NULL,
  `new_ride_price` varchar(250) DEFAULT NULL,
  `old_solution` text,
  `new_solution` text,
  `old_closure_code` int(11) DEFAULT NULL,
  `new_closure_code` int(11) DEFAULT NULL,
  `date_edit` int(11) DEFAULT NULL,
  PRIMARY KEY (`id`)
) ENGINE=InnoDB AUTO_INCREMENT=7 DEFAULT CHARSET=utf8;
/*!40101 SET character_set_client = @saved_cs_client */;

--
-- Dumping data for table `audit_requests`
--

LOCK TABLES `audit_requests` WRITE;
/*!40000 ALTER TABLE `audit_requests` DISABLE KEYS */;
INSERT INTO `audit_requests` VALUES (5,78,'SD106052128','2','5',0,16,5,5,NULL,'4',1505484600,1510056716,NULL,1510056626,'null','null','null','null','null','null','null','null','null','Водитель:Третьяк Леонид Иванович\nтел.79601554545  BMW БЕЛЫЙ номер',NULL,1,1510056716),(6,78,'SD106052128','5','7',16,16,5,5,'4','4',1510056716,1510056716,1510056626,1510056749,'null','11:11','null','3333','null','22:22','null','4444','Водитель:Третьяк Леонид Иванович\nтел.79601554545  BMW БЕЛЫЙ номер','Водитель:Третьяк Леонид Иванович\nтел.79601554545  BMW БЕЛЫЙ номер',1,1,1510056749);
/*!40000 ALTER TABLE `audit_requests` ENABLE KEYS */;
UNLOCK TABLES;

--
-- Table structure for table `auth_assignment`
--

DROP TABLE IF EXISTS `auth_assignment`;
/*!40101 SET @saved_cs_client     = @@character_set_client */;
/*!40101 SET character_set_client = utf8 */;
CREATE TABLE `auth_assignment` (
  `item_name` varchar(64) COLLATE utf8_unicode_ci NOT NULL,
  `user_id` varchar(64) COLLATE utf8_unicode_ci NOT NULL,
  `created_at` int(11) DEFAULT NULL,
  PRIMARY KEY (`item_name`,`user_id`),
  CONSTRAINT `auth_assignment_ibfk_1` FOREIGN KEY (`item_name`) REFERENCES `auth_item` (`name`) ON DELETE CASCADE ON UPDATE CASCADE
) ENGINE=InnoDB DEFAULT CHARSET=utf8 COLLATE=utf8_unicode_ci;
/*!40101 SET character_set_client = @saved_cs_client */;

--
-- Dumping data for table `auth_assignment`
--

LOCK TABLES `auth_assignment` WRITE;
/*!40000 ALTER TABLE `auth_assignment` DISABLE KEYS */;
INSERT INTO `auth_assignment` VALUES ('admin','1',1501503146),('user_expl','2',1501503355),('user_expl','3',1501652980),('user_transport','4',1505368871);
/*!40000 ALTER TABLE `auth_assignment` ENABLE KEYS */;
UNLOCK TABLES;

--
-- Table structure for table `auth_item`
--

DROP TABLE IF EXISTS `auth_item`;
/*!40101 SET @saved_cs_client     = @@character_set_client */;
/*!40101 SET character_set_client = utf8 */;
CREATE TABLE `auth_item` (
  `name` varchar(64) COLLATE utf8_unicode_ci NOT NULL,
  `type` smallint(6) NOT NULL,
  `description` text COLLATE utf8_unicode_ci,
  `rule_name` varchar(64) COLLATE utf8_unicode_ci DEFAULT NULL,
  `data` blob,
  `created_at` int(11) DEFAULT NULL,
  `updated_at` int(11) DEFAULT NULL,
  PRIMARY KEY (`name`),
  KEY `rule_name` (`rule_name`),
  KEY `idx-auth_item-type` (`type`),
  CONSTRAINT `auth_item_ibfk_1` FOREIGN KEY (`rule_name`) REFERENCES `auth_rule` (`name`) ON DELETE SET NULL ON UPDATE CASCADE
) ENGINE=InnoDB DEFAULT CHARSET=utf8 COLLATE=utf8_unicode_ci;
/*!40101 SET character_set_client = @saved_cs_client */;

--
-- Dumping data for table `auth_item`
--

LOCK TABLES `auth_item` WRITE;
/*!40000 ALTER TABLE `auth_item` DISABLE KEYS */;
INSERT INTO `auth_item` VALUES ('/admin/*',2,NULL,NULL,NULL,1501502947,1501502947),('/admin/usertowg/userlist',2,NULL,NULL,NULL,1502184024,1502184024),('/Api/*',2,NULL,NULL,NULL,1502469803,1502469803),('/debug/*',2,NULL,NULL,NULL,1501757487,1501757487),('/driver/*',2,NULL,NULL,NULL,1505114429,1505114429),('/gii/*',2,NULL,NULL,NULL,1501509097,1501509097),('/rbac/*',2,NULL,NULL,NULL,1501502965,1501502965),('/reqexpl/*',2,NULL,NULL,NULL,1505368764,1505368764),('/reqtr/*',2,NULL,NULL,NULL,1505368757,1505368757),('/site/*',2,NULL,NULL,NULL,1501502978,1501502978),('admin',1,NULL,NULL,NULL,1501503121,1502469889),('adminAccess',2,NULL,NULL,NULL,1501503041,1501503041),('apiAccess',2,NULL,NULL,NULL,1502469865,1502469865),('debugAccess',2,NULL,NULL,NULL,1501757512,1501757512),('driverAccess',2,NULL,NULL,NULL,1505114450,1505114450),('getUserToWgList',2,NULL,NULL,NULL,1502182814,1502184034),('giiAccess',2,NULL,NULL,NULL,1501509056,1501509104),('rbacAccess',2,NULL,NULL,NULL,1501503056,1501503056),('requestsExplAccess',2,'Доступ для компаний эксплуатации',NULL,NULL,1501503003,1505368690),('requestsTranspAccess',2,NULL,NULL,NULL,1505368828,1505368828),('updateRequest',2,NULL,NULL,NULL,1501505811,1501505811),('user_expl',1,'Исполнитель компаний эксплуатации',NULL,NULL,1501503099,1505368788),('user_transport',1,NULL,NULL,NULL,1505368856,1505368856);
/*!40000 ALTER TABLE `auth_item` ENABLE KEYS */;
UNLOCK TABLES;

--
-- Table structure for table `auth_item_child`
--

DROP TABLE IF EXISTS `auth_item_child`;
/*!40101 SET @saved_cs_client     = @@character_set_client */;
/*!40101 SET character_set_client = utf8 */;
CREATE TABLE `auth_item_child` (
  `parent` varchar(64) COLLATE utf8_unicode_ci NOT NULL,
  `child` varchar(64) COLLATE utf8_unicode_ci NOT NULL,
  PRIMARY KEY (`parent`,`child`),
  KEY `child` (`child`),
  CONSTRAINT `auth_item_child_ibfk_1` FOREIGN KEY (`parent`) REFERENCES `auth_item` (`name`) ON DELETE CASCADE ON UPDATE CASCADE,
  CONSTRAINT `auth_item_child_ibfk_2` FOREIGN KEY (`child`) REFERENCES `auth_item` (`name`) ON DELETE CASCADE ON UPDATE CASCADE
) ENGINE=InnoDB DEFAULT CHARSET=utf8 COLLATE=utf8_unicode_ci;
/*!40101 SET character_set_client = @saved_cs_client */;

--
-- Dumping data for table `auth_item_child`
--

LOCK TABLES `auth_item_child` WRITE;
/*!40000 ALTER TABLE `auth_item_child` DISABLE KEYS */;
INSERT INTO `auth_item_child` VALUES ('adminAccess','/admin/*'),('getUserToWgList','/admin/usertowg/userlist'),('apiAccess','/Api/*'),('debugAccess','/debug/*'),('driverAccess','/driver/*'),('giiAccess','/gii/*'),('rbacAccess','/rbac/*'),('requestsExplAccess','/reqexpl/*'),('requestsTranspAccess','/reqtr/*'),('admin','adminAccess'),('admin','apiAccess'),('admin','debugAccess'),('user_expl','debugAccess'),('user_transport','debugAccess'),('admin','driverAccess'),('user_expl','driverAccess'),('admin','getUserToWgList'),('user_expl','getUserToWgList'),('admin','giiAccess'),('admin','rbacAccess'),('admin','requestsExplAccess'),('user_expl','requestsExplAccess'),('user_transport','requestsTranspAccess'),('admin','updateRequest');
/*!40000 ALTER TABLE `auth_item_child` ENABLE KEYS */;
UNLOCK TABLES;

--
-- Table structure for table `auth_rule`
--

DROP TABLE IF EXISTS `auth_rule`;
/*!40101 SET @saved_cs_client     = @@character_set_client */;
/*!40101 SET character_set_client = utf8 */;
CREATE TABLE `auth_rule` (
  `name` varchar(64) COLLATE utf8_unicode_ci NOT NULL,
  `data` blob,
  `created_at` int(11) DEFAULT NULL,
  `updated_at` int(11) DEFAULT NULL,
  PRIMARY KEY (`name`)
) ENGINE=InnoDB DEFAULT CHARSET=utf8 COLLATE=utf8_unicode_ci;
/*!40101 SET character_set_client = @saved_cs_client */;

--
-- Dumping data for table `auth_rule`
--

LOCK TABLES `auth_rule` WRITE;
/*!40000 ALTER TABLE `auth_rule` DISABLE KEYS */;
/*!40000 ALTER TABLE `auth_rule` ENABLE KEYS */;
UNLOCK TABLES;

--
-- Table structure for table `bankwg`
--

DROP TABLE IF EXISTS `bankwg`;
/*!40101 SET @saved_cs_client     = @@character_set_client */;
/*!40101 SET character_set_client = utf8 */;
CREATE TABLE `bankwg` (
  `id` int(11) NOT NULL AUTO_INCREMENT,
  `wg_name` varchar(255) DEFAULT NULL,
  PRIMARY KEY (`id`)
) ENGINE=InnoDB AUTO_INCREMENT=10 DEFAULT CHARSET=utf8;
/*!40101 SET character_set_client = @saved_cs_client */;

--
-- Dumping data for table `bankwg`
--

LOCK TABLES `bankwg` WRITE;
/*!40000 ALTER TABLE `bankwg` DISABLE KEYS */;
INSERT INTO `bankwg` VALUES (4,'осц санкт-петербург/ремонт помещений и мебели'),(5,'осц санкт-петербург/жизнеобеспечение здания'),(6,'осц санкт-петербург/чистота и уют'),(7,'осц санкт-петербург/погрузка/разгрузка'),(8,'такси рг банка'),(9,'осц москва/транспорт');
/*!40000 ALTER TABLE `bankwg` ENABLE KEYS */;
UNLOCK TABLES;

--
-- Table structure for table `closure_statuses`
--

DROP TABLE IF EXISTS `closure_statuses`;
/*!40101 SET @saved_cs_client     = @@character_set_client */;
/*!40101 SET character_set_client = utf8 */;
CREATE TABLE `closure_statuses` (
  `id` int(11) NOT NULL AUTO_INCREMENT,
  `closure_code_name` varchar(255) NOT NULL,
  PRIMARY KEY (`id`)
) ENGINE=InnoDB AUTO_INCREMENT=5 DEFAULT CHARSET=utf8;
/*!40101 SET character_set_client = @saved_cs_client */;

--
-- Dumping data for table `closure_statuses`
--

LOCK TABLES `closure_statuses` WRITE;
/*!40000 ALTER TABLE `closure_statuses` DISABLE KEYS */;
INSERT INTO `closure_statuses` VALUES (1,'Решено полностью'),(2,'Невозможно решить'),(3,'Отказ в обслуживании'),(4,'Отозвано клиентом');
/*!40000 ALTER TABLE `closure_statuses` ENABLE KEYS */;
UNLOCK TABLES;

--
-- Table structure for table `company`
--

DROP TABLE IF EXISTS `company`;
/*!40101 SET @saved_cs_client     = @@character_set_client */;
/*!40101 SET character_set_client = utf8 */;
CREATE TABLE `company` (
  `id` int(11) NOT NULL AUTO_INCREMENT,
  `companyname` varchar(300) NOT NULL,
  `contact` varchar(255) DEFAULT NULL,
  `coordinator` varchar(255) DEFAULT NULL,
  `assignee_sber` varchar(255) DEFAULT NULL,
  `service_type` int(11) DEFAULT NULL,
  PRIMARY KEY (`id`)
) ENGINE=InnoDB AUTO_INCREMENT=5 DEFAULT CHARSET=utf8 ROW_FORMAT=COMPACT;
/*!40101 SET character_set_client = @saved_cs_client */;

--
-- Dumping data for table `company`
--

LOCK TABLES `company` WRITE;
/*!40000 ALTER TABLE `company` DISABLE KEYS */;
INSERT INTO `company` VALUES (1,'Октава','','','ОКТАВА',1),(2,'Some company',NULL,NULL,NULL,NULL),(3,'Перевозчик',NULL,NULL,'test assign',2),(4,'Командир',NULL,NULL,'Командир',2);
/*!40000 ALTER TABLE `company` ENABLE KEYS */;
UNLOCK TABLES;

--
-- Table structure for table `companytowg`
--

DROP TABLE IF EXISTS `companytowg`;
/*!40101 SET @saved_cs_client     = @@character_set_client */;
/*!40101 SET character_set_client = utf8 */;
CREATE TABLE `companytowg` (
  `id` int(11) NOT NULL AUTO_INCREMENT,
  `company_id` int(11) NOT NULL,
  `bank_wg_id` int(11) NOT NULL,
  `wg_id` int(11) NOT NULL,
  PRIMARY KEY (`id`),
  KEY `CompanyForeignD` (`company_id`),
  KEY `WgForeignD` (`wg_id`),
  KEY `BankWgForeignD` (`bank_wg_id`),
  CONSTRAINT `BankWgForeignD` FOREIGN KEY (`bank_wg_id`) REFERENCES `bankwg` (`id`),
  CONSTRAINT `CompanyForeignD` FOREIGN KEY (`company_id`) REFERENCES `company` (`id`),
  CONSTRAINT `WgForeignD` FOREIGN KEY (`wg_id`) REFERENCES `workgroups` (`id`)
) ENGINE=InnoDB AUTO_INCREMENT=13 DEFAULT CHARSET=utf8;
/*!40101 SET character_set_client = @saved_cs_client */;

--
-- Dumping data for table `companytowg`
--

LOCK TABLES `companytowg` WRITE;
/*!40000 ALTER TABLE `companytowg` DISABLE KEYS */;
INSERT INTO `companytowg` VALUES (5,1,4,1),(7,1,5,1),(8,1,6,1),(9,1,7,1),(10,2,4,4),(11,3,9,5),(12,4,9,6);
/*!40000 ALTER TABLE `companytowg` ENABLE KEYS */;
UNLOCK TABLES;

--
-- Table structure for table `menu`
--

DROP TABLE IF EXISTS `menu`;
/*!40101 SET @saved_cs_client     = @@character_set_client */;
/*!40101 SET character_set_client = utf8 */;
CREATE TABLE `menu` (
  `id` int(11) NOT NULL AUTO_INCREMENT,
  `name` varchar(128) NOT NULL,
  `parent` int(11) DEFAULT NULL,
  `route` varchar(255) DEFAULT NULL,
  `order` int(11) DEFAULT NULL,
  `data` blob,
  PRIMARY KEY (`id`),
  KEY `parent` (`parent`),
  CONSTRAINT `menu_ibfk_1` FOREIGN KEY (`parent`) REFERENCES `menu` (`id`) ON DELETE SET NULL ON UPDATE CASCADE
) ENGINE=InnoDB DEFAULT CHARSET=utf8;
/*!40101 SET character_set_client = @saved_cs_client */;

--
-- Dumping data for table `menu`
--

LOCK TABLES `menu` WRITE;
/*!40000 ALTER TABLE `menu` DISABLE KEYS */;
/*!40000 ALTER TABLE `menu` ENABLE KEYS */;
UNLOCK TABLES;

--
-- Table structure for table `migration`
--

DROP TABLE IF EXISTS `migration`;
/*!40101 SET @saved_cs_client     = @@character_set_client */;
/*!40101 SET character_set_client = utf8 */;
CREATE TABLE `migration` (
  `version` varchar(180) NOT NULL,
  `apply_time` int(11) DEFAULT NULL,
  PRIMARY KEY (`version`)
) ENGINE=InnoDB DEFAULT CHARSET=utf8;
/*!40101 SET character_set_client = @saved_cs_client */;

--
-- Dumping data for table `migration`
--

LOCK TABLES `migration` WRITE;
/*!40000 ALTER TABLE `migration` DISABLE KEYS */;
INSERT INTO `migration` VALUES ('m000000_000000_base',1501498417),('m140506_102106_rbac_init',1501498539),('m140602_111327_create_menu_table',1501498421),('m160312_050000_create_user',1501498421);
/*!40000 ALTER TABLE `migration` ENABLE KEYS */;
UNLOCK TABLES;

--
-- Table structure for table `requests`
--

DROP TABLE IF EXISTS `requests`;
/*!40101 SET @saved_cs_client     = @@character_set_client */;
/*!40101 SET character_set_client = utf8 */;
CREATE TABLE `requests` (
  `id` int(10) unsigned NOT NULL AUTO_INCREMENT,
  `sb_id` varchar(50) NOT NULL,
  `status` int(20) DEFAULT NULL,
  `descr` varchar(255) NOT NULL,
  `full_descr` text NOT NULL,
  `solution` text,
  `closure_code` int(11) DEFAULT NULL,
  `date_created` int(11) DEFAULT NULL,
  `date_created_sber` int(11) DEFAULT NULL,
  `date_updated` int(11) DEFAULT NULL,
  `date_done` int(11) DEFAULT NULL,
  `date_deadline` int(11) DEFAULT NULL,
  `date_desired` int(11) DEFAULT NULL,
  `sberwg` varchar(255) DEFAULT NULL,
  `sberassignee` varchar(255) DEFAULT NULL,
  `assignee` varchar(255) DEFAULT NULL,
  `company_id` int(10) DEFAULT NULL,
  `workgroup_id` int(11) DEFAULT NULL,
  `bank_contact` varchar(255) DEFAULT NULL,
  `bank_contact_phone` varchar(255) DEFAULT NULL,
  `travel_from` varchar(500) DEFAULT NULL,
  `travel_to` varchar(500) DEFAULT NULL,
  `commentary_for_driver` varchar(500) DEFAULT NULL,
  `driver_id` int(11) DEFAULT NULL,
  `ride_start_time` int(20) DEFAULT NULL,
  `ride_end_time` int(20) DEFAULT NULL,
  `ride_duration` varchar(250) DEFAULT NULL,
  `ride_distance` varchar(250) DEFAULT NULL,
  `ride_idle_time` varchar(250) DEFAULT NULL,
  `ride_price` varchar(250) DEFAULT NULL,
  `ride_stops` varchar(500) DEFAULT NULL,
  PRIMARY KEY (`id`),
  KEY `CompanyForeignReq` (`company_id`),
  KEY `WorkGroupForeign` (`workgroup_id`),
  KEY `ClosureCodeForeign` (`closure_code`),
  KEY `StatusForeign` (`status`)
) ENGINE=InnoDB AUTO_INCREMENT=210 DEFAULT CHARSET=utf8 ROW_FORMAT=COMPACT;
/*!40101 SET character_set_client = @saved_cs_client */;

--
-- Dumping data for table `requests`
--

LOCK TABLES `requests` WRITE;
/*!40000 ALTER TABLE `requests` DISABLE KEYS */;
INSERT INTO `requests` VALUES (2,'SD105210775',2,'Ремонт розеток, светильников, замена ламп, радиозвонка','Ремонт розеток, светильников, замена ламп, радиозвонка\r\nМесто: \r\nЗдание: г Санкт-Петербург пр-кт Старо-Петергофский 30к1литерА  ГО/СПб_МСЦ Старо-Петергофское, Центральное_Старо-Петергофский, 30, 2Н_01800, ОС 90038_аллокация площади РБ и КБ по решению КРФС от 29.11.2016\r\nЭтаж:     1/1-ый этаж\r\nПомещение: \r\nВид нарушения работы: Не горят/мигает лампа в светильнике\r\nКоличество ламп: Все\r\nТелефон: 4930\r\nКомментарий: В кабинете 603 на 6 этаже необходима замена лампы в потолочном светильнике. Мигает\r\n\r\n','test',1,1502874145,1502809685,1505892540,1504533841,1502905527,0,'осц санкт-петербург/жизнеобеспечение здания',NULL,'3',1,1,'Литовченко Галина Николаевна (1515346)','4930',NULL,NULL,NULL,0,NULL,NULL,NULL,NULL,NULL,NULL,NULL),(3,'SD105376453',2,'Ремонт мебельной фурнитуры - ручки, петли и т.п.','Ремонт мебельной фурнитуры - ручки, петли и т.п. Место: Здание: г Санкт-Петербург пр-кт Старо-Петергофский 30к1литерА МСЦ Старо-Петергофское, 36Н-38Н, ЦСКО Этаж: 1/4/4-ый этаж Помещение: Вид работ: Ремонт/замена Тип работ: Мебельного замка Телефон: 28-05 Комментарий (место дефекта): Сломался замок тумбочки рабочего стола ','tt',1,1503399043,1503374638,1505892540,1505138037,1504580638,0,'осц санкт-петербург/ремонт помещений и мебели',NULL,'3',1,1,'Ливинская Ольга Сергеевна (687694)','28-05',NULL,NULL,NULL,0,NULL,NULL,NULL,NULL,NULL,NULL,NULL),(5,'SD105210775',2,'Ремонт розеток, светильников, замена ламп, радиозвонка','Ремонт розеток, светильников, замена ламп, радиозвонка\r\nМесто: \r\nЗдание: г Санкт-Петербург пр-кт Старо-Петергофский 30к1литерА  ГО/СПб_МСЦ Старо-Петергофское, Центральное_Старо-Петергофский, 30, 2Н_01800, ОС 90038_аллокация площади РБ и КБ по решению КРФС от 29.11.2016\r\nЭтаж:     1/1-ый этаж\r\nПомещение: \r\nВид нарушения работы: Не горят/мигает лампа в светильнике\r\nКоличество ламп: Все\r\nТелефон: 4930\r\nКомментарий: В кабинете 603 на 6 этаже необходима замена лампы в потолочном светильнике. Мигает\r\n\r\n','е',1,1503468594,1502809685,1505892540,1505137571,1502905527,0,'осц санкт-петербург/жизнеобеспечение здания',NULL,'3',1,1,'Литовченко Галина Николаевна (1515346)','4930',NULL,NULL,NULL,0,NULL,NULL,NULL,NULL,NULL,NULL,NULL),(7,'SD105210775',2,'Ремонт розеток, светильников, замена ламп, радиозвонка','Ремонт розеток, светильников, замена ламп, радиозвонка\r\nМесто: \r\nЗдание: г Санкт-Петербург пр-кт Старо-Петергофский 30к1литерА  ГО/СПб_МСЦ Старо-Петергофское, Центральное_Старо-Петергофский, 30, 2Н_01800, ОС 90038_аллокация площади РБ и КБ по решению КРФС от 29.11.2016\r\nЭтаж:     1/1-ый этаж\r\nПомещение: \r\nВид нарушения работы: Не горят/мигает лампа в светильнике\r\nКоличество ламп: Все\r\nТелефон: 4930\r\nКомментарий: В кабинете 603 на 6 этаже необходима замена лампы в потолочном светильнике. Мигает\r\n\r\n','test',1,1504686300,1502809685,1505892540,1504860721,1502905527,0,'осц санкт-петербург/жизнеобеспечение здания',NULL,'3',1,1,'Литовченко Галина Николаевна (1515346)','4930',NULL,NULL,NULL,0,NULL,NULL,NULL,NULL,NULL,NULL,NULL),(8,'SD105376453',2,'Ремонт мебельной фурнитуры - ручки, петли и т.п.','Ремонт мебельной фурнитуры - ручки, петли и т.п. Место: Здание: г Санкт-Петербург пр-кт Старо-Петергофский 30к1литерА МСЦ Старо-Петергофское, 36Н-38Н, ЦСКО Этаж: 1/4/4-ый этаж Помещение: Вид работ: Ремонт/замена Тип работ: Мебельного замка Телефон: 28-05 Комментарий (место дефекта): Сломался замок тумбочки рабочего стола ','',NULL,1504686307,1503374638,1505892540,NULL,1504580638,0,'осц санкт-петербург/ремонт помещений и мебели',NULL,'3',1,1,'Ливинская Ольга Сергеевна (687694)','28-05',NULL,NULL,NULL,0,NULL,NULL,NULL,NULL,NULL,NULL,NULL),(9,'SD105376453',7,'Ремонт мебельной фурнитуры - ручки, петли и т.п.','Ремонт мебельной фурнитуры - ручки, петли и т.п. Место: Здание: г Санкт-Петербург пр-кт Старо-Петергофский 30к1литерА МСЦ Старо-Петергофское, 36Н-38Н, ЦСКО Этаж: 1/4/4-ый этаж Помещение: Вид работ: Ремонт/замена Тип работ: Мебельного замка Телефон: 28-05 Комментарий (место дефекта): Сломался замок тумбочки рабочего стола ','asdasd',1,1504686319,1503374638,1507491390,1507491390,1504580638,0,'осц санкт-петербург/ремонт помещений и мебели',NULL,'3',1,1,'Ливинская Ольга Сергеевна (687694)','28-05',NULL,NULL,NULL,0,NULL,NULL,NULL,NULL,NULL,NULL,NULL),(10,'SD105376453',7,'Ремонт мебельной фурнитуры - ручки, петли и т.п.','Ремонт мебельной фурнитуры - ручки, петли и т.п. Место: Здание: г Санкт-Петербург пр-кт Старо-Петергофский 30к1литерА МСЦ Старо-Петергофское, 36Н-38Н, ЦСКО Этаж: 1/4/4-ый этаж Помещение: Вид работ: Ремонт/замена Тип работ: Мебельного замка Телефон: 28-05 Комментарий (место дефекта): Сломался замок тумбочки рабочего стола ','asdasd',1,1504686328,1503374638,1505908645,1505908645,1504580638,0,'осц санкт-петербург/ремонт помещений и мебели',NULL,'3',1,1,'Ливинская Ольга Сергеевна (687694)','28-05',NULL,NULL,NULL,0,NULL,NULL,NULL,NULL,NULL,NULL,NULL),(11,'SD105376453',7,'Ремонт мебельной фурнитуры - ручки, петли и т.п.','Ремонт мебельной фурнитуры - ручки, петли и т.п. Место: Здание: г Санкт-Петербург пр-кт Старо-Петергофский 30к1литерА МСЦ Старо-Петергофское, 36Н-38Н, ЦСКО Этаж: 1/4/4-ый этаж Помещение: Вид работ: Ремонт/замена Тип работ: Мебельного замка Телефон: 28-05 Комментарий (место дефекта): Сломался замок тумбочки рабочего стола ','1',1,1504686328,1503374638,1507528919,1507528919,1504580638,0,'осц санкт-петербург/ремонт помещений и мебели',NULL,'3',1,1,'Ливинская Ольга Сергеевна (687694)','28-05',NULL,NULL,NULL,0,NULL,NULL,NULL,NULL,NULL,NULL,NULL),(12,'SD105376453',2,'Ремонт мебельной фурнитуры - ручки, петли и т.п.','Ремонт мебельной фурнитуры - ручки, петли и т.п. Место: Здание: г Санкт-Петербург пр-кт Старо-Петергофский 30к1литерА МСЦ Старо-Петергофское, 36Н-38Н, ЦСКО Этаж: 1/4/4-ый этаж Помещение: Вид работ: Ремонт/замена Тип работ: Мебельного замка Телефон: 28-05 Комментарий (место дефекта): Сломался замок тумбочки рабочего стола ','asdasd',1,1504686328,1503374638,1505892540,1505198282,1504580638,0,'осц санкт-петербург/ремонт помещений и мебели',NULL,'3',1,1,'Ливинская Ольга Сергеевна (687694)','28-05',NULL,NULL,NULL,0,NULL,NULL,NULL,NULL,NULL,NULL,NULL),(13,'SD105376453',7,'Ремонт мебельной фурнитуры - ручки, петли и т.п.','Ремонт мебельной фурнитуры - ручки, петли и т.п. Место: Здание: г Санкт-Петербург пр-кт Старо-Петергофский 30к1литерА МСЦ Старо-Петергофское, 36Н-38Н, ЦСКО Этаж: 1/4/4-ый этаж Помещение: Вид работ: Ремонт/замена Тип работ: Мебельного замка Телефон: 28-05 Комментарий (место дефекта): Сломался замок тумбочки рабочего стола ','ХЕЙЕХЙ',1,1504686328,1503374638,1505908671,1505908671,1504580638,0,'осц санкт-петербург/ремонт помещений и мебели',NULL,'3',1,1,'Ливинская Ольга Сергеевна (687694)','28-05',NULL,NULL,NULL,0,NULL,NULL,NULL,NULL,NULL,NULL,NULL),(14,'SD105376453',2,'Заказ такси','Описание такси. Описание такси. Описание такси. Описание такси. Описание такси. Описание такси. Описание такси. Описание такси. Описание такси. Описание такси. Описание такси. Описание такси. Описание такси. Описание такси. Описание такси. Описание такси. Описание такси. Описание такси. Описание такси. Описание такси. Описание такси. Описание такси. Описание такси. Описание такси. ','sfdsfsdfsdf\nВодитель:Петров Олег Валерьевич\nтел.79607778899  bmw белый A584ЕН',1,1504848320,1503374638,1509627674,0,1504580638,0,'осц санкт-петербург/ремонт помещений и мебели',NULL,'4',3,6,'Ливинская Ольга Сергеевна (687694)','28-05',NULL,NULL,NULL,NULL,1508924650,NULL,'','','null',NULL,NULL),(54,'SD105929373',7,'Предоставление легкового автомобиля','Шаблон:Предоставление легкового автомобиля_old_new\nПредоставление легкового автомобиля\nС уважением,\nСевалкина Мария\nдоб, 218-20\nЦель выезда: Гемба\nДата и Время выезда: 15.09.2017 18:00\nПри формировании заявки на  перевозку на текущую дату транспортное средство будет предоставлено только при наличии свободных автомобилей: xa0\nМаршрут следования: \nАдрес пункта отправления: Аэропорт Шереметьево Д, зал прилета\nАдрес пункта назначения: г. Москва Садовая Спасская д.21/1, 7й подъезд \nФормат вводимого адреса: населённый пункт (город, посёлок, село, деревня), улица (проспект, проезд), номер дома с указанием корпуса (при наличии): \nПромежуточный пункт: \nАдрес пункта назначения: \nВремя ожидания в промежуточном пункте: 00:00\nКомментарий водителю: Добрый день!\nПросьба отслеживать прилет рейса из Екатеринбурга, в 17:45. рейс SU1403 Шереметьево Д\nКонтактная информация перевозимого сотрудника: \nФИО: Васильева Вероника Владимировна\nМобильный телефон:  8 962 997 14 14\n\nВремя и дата выезда: 15.09.2017 18:00:00',NULL,1,1507486598,0,1509627471,NULL,1505487600,0,'осц москва/транспорт',NULL,'4',3,5,'Васильева Вероника Владимировна','89629971414','Аэропорт Шереметьево Д, зал прилета','г. Москва Садовая Спасская д.21/1, 7й подъезд ',NULL,NULL,1505487600,1508842823,'','','43:54',NULL,NULL),(55,'SD105929453',8,'Предоставление легкового автомобиля','Шаблон:Предоставление легкового автомобиля_old_new\nПредоставление легкового автомобиля\nС уважением,\nСевалкина Мария\nдоб, 218-20\nЦель выезда: Гемба\nДата и Время выезда: 15.09.2017 18:00\nПри формировании заявки на  перевозку на текущую дату транспортное средство будет предоставлено только при наличии свободных автомобилей:  \nМаршрут следования: \nАдрес пункта отправления: Аэропорт Шереметьево Д, зал прилета\nАдрес пункта назначения: г. Москва, Осенний бульвар д.8,корп 1\nФормат вводимого адреса: населённый пункт (город, посёлок, село, деревня), улица (проспект, проезд), номер дома с указанием корпуса (при наличии): \nПромежуточный пункт: \nАдрес пункта назначения: \nВремя ожидания в промежуточном пункте: 00:00\nКомментарий водителю: Добрый день!\nПросьба отслеживать прилет рейса из Екатеринбурга SU1403 в Шереметьево, терминал Д\nКонтактная информация перевозимого сотрудника: \nФИО: Туренко Ирина Валентиновна\nМобильный телефон:  8 916 796 13 51\n\nВремя и дата выезда: 15.09.2017 18:00:00','Тест отозвано клиентом',4,1507486785,0,1509627674,NULL,1505487600,0,'осц москва/транспорт',NULL,'4',3,5,'Туренко Ирина Валентиновна','89167961351','Аэропорт Шереметьево Д, зал прилета','г. Москва, Осенний бульвар д.8,корп 1',NULL,5,1508927504,NULL,'','','null',NULL,NULL),(56,'SD105963212',7,'Предоставление легкового автомобиля','Шаблон:Предоставление легкового автомобиля_old_new\nПредоставление легкового автомобиля\nЦель выезда: Доставка сотрудников в ночное время\nДата и Время выезда: 22.09.2017 05:20\nПри формировании заявки на  перевозку на текущую дату транспортное средство будет предоставлено только при наличии свободных автомобилей:  \nМаршрут следования: \nАдрес пункта отправления: г. Москва, ул. Свободы, д. 91, один подъезд (коричневый)\nАдрес пункта назначения: г. Москва, 2-й Южнопортовый проезд, д. 12А, стр.1\nФормат вводимого адреса: населённый пункт (город, посёлок, село, деревня), улица (проспект, проезд), номер дома с указанием корпуса (при наличии): \nПромежуточный пункт: \nАдрес пункта назначения: \nВремя ожидания в промежуточном пункте: 00:00\nКомментарий водителю: \nКонтактная информация перевозимого сотрудника: \nФИО: Кулагина Виктория Вячеславовна\nМобильный телефон:  7 915 408 38 31\n\nВремя и дата выезда: 22.09.2017 05:20:00','Водитель:Петров Олег Валерьевич\nтел.79607778899  bmw белый A584ЕН',1,1507486785,0,1509627471,NULL,1506046800,0,'осц москва/транспорт',NULL,'4',3,5,'Кулагина Виктория Вячеславовна','79154083831','г. Москва, ул. Свободы, д. 91, один подъезд (коричневый)','г. Москва, 2-й Южнопортовый проезд, д. 12А, стр.1',NULL,5,1508927690,1508927758,'','','21:31',NULL,NULL),(57,'SD105963377',100,'Предоставление легкового автомобиля','Шаблон:Предоставление легкового автомобиля_old_new\nПредоставление легкового автомобиля\nЦель выезда: Доставка сотрудников в ночное время\nДата и Время выезда: 19.09.2017 05:20\nПри формировании заявки на  перевозку на текущую дату транспортное средство будет предоставлено только при наличии свободных автомобилей:  \nМаршрут следования: \nАдрес пункта отправления: г. Москва, ул. Свободы, д. 91, один подъезд (коричневый)\nАдрес пункта назначения: г. Москва, 2-й Южнопортовый проезд, д. 12А, стр.1\nФормат вводимого адреса: населённый пункт (город, посёлок, село, деревня), улица (проспект, проезд), номер дома с указанием корпуса (при наличии): \nПромежуточный пункт: \nАдрес пункта назначения: \nВремя ожидания в промежуточном пункте: 00:00\nКомментарий водителю: \nКонтактная информация перевозимого сотрудника: \nФИО: Кулагина Виктория Вячеславовна\nМобильный телефон:  7 915 408 38 31\n\nВремя и дата выезда: 19.09.2017 05:20:00',NULL,NULL,1507486785,0,1508760400,NULL,1505787600,0,'осц москва/транспорт',NULL,'4',3,5,'Кулагина Виктория Вячеславовна','79154083831','г. Москва, ул. Свободы, д. 91, один подъезд (коричневый)','г. Москва, 2-й Южнопортовый проезд, д. 12А, стр.1',NULL,NULL,1505787600,NULL,NULL,NULL,NULL,NULL,NULL),(58,'SD105963389',7,'Предоставление легкового автомобиля','Шаблон:Предоставление легкового автомобиля_old_new\nПредоставление легкового автомобиля\nЦель выезда: Доставка сотрудников в ночное время\nДата и Время выезда: 20.09.2017 05:20\nПри формировании заявки на  перевозку на текущую дату транспортное средство будет предоставлено только при наличии свободных автомобилей:  \nМаршрут следования: \nАдрес пункта отправления: г. Москва, ул. Свободы, д. 91, один подъезд (коричневый)\nАдрес пункта назначения: г. Москва, 2-й Южнопортовый проезд, д. 12А, стр.1\nФормат вводимого адреса: населённый пункт (город, посёлок, село, деревня), улица (проспект, проезд), номер дома с указанием корпуса (при наличии): \nПромежуточный пункт: \nАдрес пункта назначения: \nВремя ожидания в промежуточном пункте: 00:00\nКомментарий водителю: \nКонтактная информация перевозимого сотрудника: \nФИО: Кулагина Виктория Вячеславовна\nМобильный телефон:  7 915 408 38 31\n\nВремя и дата выезда: 20.09.2017 05:20:00','Водитель:Петров Олег Валерьевич\nтел.79607778899  bmw белый A584ЕН',1,1507486785,0,1509687025,NULL,1505874000,0,'осц москва/транспорт',NULL,'4',3,5,'Кулагина Виктория Вячеславовна','79154083831','г. Москва, ул. Свободы, д. 91, один подъезд (коричневый)','г. Москва, 2-й Южнопортовый проезд, д. 12А, стр.1',NULL,3,1508931246,1509687025,'12:32','213213','23:21','213',NULL),(59,'SD105963409',8,'Предоставление легкового автомобиля','Шаблон:Предоставление легкового автомобиля_old_new\nПредоставление легкового автомобиля\nЦель выезда: Доставка сотрудников в ночное время\nДата и Время выезда: 21.09.2017 05:20\nПри формировании заявки на  перевозку на текущую дату транспортное средство будет предоставлено только при наличии свободных автомобилей:  \nМаршрут следования: \nАдрес пункта отправления: г. Москва, ул. Свободы, д. 91, один подъезд (коричневый)\nАдрес пункта назначения: г. Москва, 2-й Южнопортовый проезд, д. 12А, стр.1\nФормат вводимого адреса: населённый пункт (город, посёлок, село, деревня), улица (проспект, проезд), номер дома с указанием корпуса (при наличии): \nПромежуточный пункт: \nАдрес пункта назначения: \nВремя ожидания в промежуточном пункте: 00:00\nКомментарий водителю: \nКонтактная информация перевозимого сотрудника: \nФИО: Кулагина Виктория Вячеславовна\nМобильный телефон:  7 915 408 38 31\n\nВремя и дата выезда: 21.09.2017 05:20:00','Заявка отозвана по звонку',4,1507486785,0,1509627674,NULL,1505960400,0,'осц москва/транспорт',NULL,'4',3,5,'Кулагина Виктория Вячеславовна','79154083831','г. Москва, ул. Свободы, д. 91, один подъезд (коричневый)','г. Москва, 2-й Южнопортовый проезд, д. 12А, стр.1',NULL,5,1508923661,1508935567,'null','','null',NULL,NULL),(60,'SD105963525',2,'Предоставление легкового автомобиля','Шаблон:Предоставление легкового автомобиля_old_new\nПредоставление легкового автомобиля\nЦель выезда: Доставка сотрудников в ночное время\nДата и Время выезда: 18.09.2017 05:20\nПри формировании заявки на  перевозку на текущую дату транспортное средство будет предоставлено только при наличии свободных автомобилей:  \nМаршрут следования: \nАдрес пункта отправления: г. Москва, ул. Свободы, д. 91, один подъезд (коричневый)\nАдрес пункта назначения: г. Москва, 2-й Южнопортовый проезд, д. 12А, стр.1\nФормат вводимого адреса: населённый пункт (город, посёлок, село, деревня), улица (проспект, проезд), номер дома с указанием корпуса (при наличии): \nПромежуточный пункт: \nАдрес пункта назначения: \nВремя ожидания в промежуточном пункте: 00:00\nКомментарий водителю: \nКонтактная информация перевозимого сотрудника: \nФИО: Кулагина Виктория Вячеславовна\nМобильный телефон:  7 915 408 38 31\n\nВремя и дата выезда: 18.09.2017 05:20:00','Водитель:Петров Олег Валерьевич\nтел.79607778899  bmw белый A584ЕН',1,1507486785,0,1509627674,NULL,1505701200,0,'осц москва/транспорт',NULL,'4',3,5,'Кулагина Виктория Вячеславовна','79154083831','г. Москва, ул. Свободы, д. 91, один подъезд (коричневый)','г. Москва, 2-й Южнопортовый проезд, д. 12А, стр.1',NULL,NULL,1509014994,NULL,'null','','null',NULL,NULL),(61,'SD106015527',7,'Предоставление легкового автомобиля','Шаблон:Предоставление легкового автомобиля\nПредоставление легкового автомобиля\nЦель выезда: Встречи с клиентами\nДата и Время выезда: 15.09.2017 22:45\nПри формировании заявки на  перевозку на текущую дату транспортное средство будет предоставлено только при наличии свободных автомобилей:  \nМаршрут следования: \nАдрес пункта отправления: Аэропорт Домодедово\nАдрес пункта назначения: Москва, ул. Профсоюзная, дом 140, корп.2\nФормат вводимого адреса: населённый пункт (город, посёлок, село, деревня), улица (проспект, проезд), номер дома с указанием корпуса (при наличии): \nПромежуточный пункт: \nАдрес пункта назначения: \nВремя ожидания в промежуточном пункте: 00:00\nКомментарий водителю: \nКонтактная информация перевозимого сотрудника: \nФИО: Загребельная Елена Михайловна\nМобильный телефон:  7 916 150 86 48\n\nВремя и дата выезда: 15.09.2017 22:45:00','Водитель:Иван Иванович Иванов\nтел.79219291230  bmw белый A584ЕН152',1,1507486785,0,1510056219,NULL,1505504700,0,'осц москва/транспорт',NULL,'4',3,5,'Загребельная Елена Михайловна','79161508648','Аэропорт Домодедово','Москва, ул. Профсоюзная, дом 140, корп.2',NULL,16,1509710292,1510056219,'02:15','123','00:15','213',NULL),(62,'SD106022055',7,'Предоставление легкового автомобиля для директора Управления Транспорта','Шаблон:Предоставление легкового автомобиля\nПредоставление легкового автомобиля для директора Управления Транспорта\nС уважением, Вавулина Анастасия Дмитриевна\nАссистент клиентского менеджера \nУправления по работе  с предприятиями транспорта \nОтдел по работе с финансовыми компаниями \nМосковского банка ПАО Сбербанк\nр.т. (499) 500 00 05 *1402526\nм.т. (40) 25-26\nОружейный переулок д. 41, 20 этаж, стол 20,5\n \nЦель выезда: Корпоративные мероприятия\nДата и Время выезда: 15.09.2017 18:00\nПри формировании заявки на  перевозку на текущую дату транспортное средство будет предоставлено только при наличии свободных автомобилей:  \nМаршрут следования: \nАдрес пункта отправления: Московская область, Истринский район , деревня Аносино, ул. Университетская вл.11\nАдрес пункта назначения: г. Москва, ул. Каховка д. 31\nФормат вводимого адреса: населённый пункт (город, посёлок, село, деревня), улица (проспект, проезд), номер дома с указанием корпуса (при наличии): \nПромежуточный пункт: \nАдрес пункта назначения: \nВремя ожидания в промежуточном пункте: 00:00\nКомментарий водителю: \nКонтактная информация перевозимого сотрудника: \nФИО: Бурлаков Алексей Геннадьевич\nМобильный телефон:  8 910 473 18 02\n\nВремя и дата выезда: 15.09.2017 18:00:00','Водитель:Иван Иванович Иванов\nтел.79219291230  bmw белый A584ЕН',1,1507486785,0,1509628387,NULL,1505487600,0,'осц москва/транспорт',NULL,'4',3,5,'Бурлаков Алексей Геннадьевич','89104731802','Московская область, Истринский район , деревня Аносино, ул. Университетская вл.11','г. Москва, ул. Каховка д. 31',NULL,3,1509628386,1509628387,'12:34','320','21:41','1250',NULL),(63,'SD106038576',7,'Предоставление легкового автомобиля','Шаблон:Предоставление легкового автомобиля\nПредоставление легкового автомобиля\nЦель выезда: Доставка банковских карт\nДата и Время выезда: 15.09.2017 16:00\nПри формировании заявки на  перевозку на текущую дату транспортное средство будет предоставлено только при наличии свободных автомобилей:  \nМаршрут следования: \nАдрес пункта отправления: ул. Госпитальная пл., д.3\nАдрес пункта назначения: г. Москва, ш. Энтузиастов, д. 14, каб 325\nФормат вводимого адреса: населённый пункт (город, посёлок, село, деревня), улица (проспект, проезд), номер дома с указанием корпуса (при наличии): \nПромежуточный пункт: \nАдрес пункта назначения: \nВремя ожидания в промежуточном пункте: 00:00\nКомментарий водителю: 38121292\nКонтактная информация перевозимого сотрудника: \nФИО: Толстова Анастасия 8-925-717-50-65\nМобильный телефон:  7 925 717 50 65\n\nВремя и дата выезда: 15.09.2017 16:00:00','Водитель:Петров Олег Валерьевич\nтел.79607778899  bmw белый A584ЕН',1,1507486785,0,1510056414,NULL,1505480400,0,'осц москва/транспорт',NULL,'4',3,5,'Толстова Анастасия 8-925-717-50-65','79257175065','ул. Госпитальная пл., д.3','г. Москва, ш. Энтузиастов, д. 14, каб 325',NULL,16,1508924928,1510056414,'12:3_','213','21:31','213',NULL),(64,'SD106039392',9,'Предоставление легкового автомобиля','Шаблон:Предоставление легкового автомобиля\nПредоставление легкового автомобиля\nЦель выезда: Доставка банковских карт\nДата и Время выезда: 15.09.2017 16:00\nПри формировании заявки на  перевозку на текущую дату транспортное средство будет предоставлено только при наличии свободных автомобилей:  \nМаршрут следования: \nАдрес пункта отправления: ул. Зеленый пр-т, д.75, стр. 1 \nАдрес пункта назначения: г. Москва, ш. Энтузиастов, д. 14, каб 325\nФормат вводимого адреса: населённый пункт (город, посёлок, село, деревня), улица (проспект, проезд), номер дома с указанием корпуса (при наличии): \nПромежуточный пункт: \nАдрес пункта назначения: ул. Свободный проспект 33\nВремя ожидания в промежуточном пункте: 00:10\nКомментарий водителю: 38121389\nКонтактная информация перевозимого сотрудника: \nФИО: Раманова Ольга 8-916-968-68-61\nМобильный телефон:  7 916 968 68 61\n\nВремя и дата выезда: 15.09.2017 16:00:00','Невозможно решить!\nОтказ в обслуживании.',3,1507486785,0,1509627674,NULL,1505480400,0,'осц москва/транспорт',NULL,'4',3,5,'Раманова Ольга 8-916-968-68-61','79169686861','ул. Зеленый пр-т, д.75, стр. 1 ','г. Москва, ш. Энтузиастов, д. 14, каб 325',NULL,5,1508935699,1508935819,'null','','null',NULL,NULL),(65,'SD106039970',7,'Предоставление легкового автомобиля','Шаблон:Предоставление легкового автомобиля\nПредоставление легкового автомобиля\nЦель выезда: Доставка банковских карт\nДата и Время выезда: 15.09.2017 15:00\nПри формировании заявки на  перевозку на текущую дату транспортное средство будет предоставлено только при наличии свободных автомобилей:  \nМаршрут следования: \nАдрес пункта отправления: ул. 1-я Вольская, д.9, корп. 3     \nАдрес пункта назначения: г. Москва, ш. Энтузиастов, д. 14, каб 325\nФормат вводимого адреса: населённый пункт (город, посёлок, село, деревня), улица (проспект, проезд), номер дома с указанием корпуса (при наличии): \nПромежуточный пункт: \nАдрес пункта назначения: ул. 1-я Вольская 22 корп 1\nВремя ожидания в промежуточном пункте: 00:10\nКомментарий водителю: 38125162\nКонтактная информация перевозимого сотрудника: \nФИО: Мазанов Шамиль  89684488382\nМобильный телефон:  7 968 448 83 82\n\nВремя и дата выезда: 15.09.2017 15:00:00','Водитель:Третьяк Леонид Иванович\nтел.79601554545  BMW БЕЛЫЙ номер',1,1507486785,0,1510056345,NULL,1505476800,0,'осц москва/транспорт',NULL,'4',3,5,'Мазанов Шамиль  89684488382','79684488382','ул. 1-я Вольская, д.9, корп. 3     ','г. Москва, ш. Энтузиастов, д. 14, каб 325',NULL,16,1510056344,1510056345,'21:32','123123','21:32','213213',NULL),(66,'SD106040336',7,'Предоставление легкового автомобиля','Шаблон:Предоставление легкового автомобиля\nПредоставление легкового автомобиля\nЦель выезда: Доставка банковских карт\nДата и Время выезда: 15.09.2017 16:00\nПри формировании заявки на  перевозку на текущую дату транспортное средство будет предоставлено только при наличии свободных автомобилей:  \nМаршрут следования: \nАдрес пункта отправления: ул. Волгоградский проспект 74, корп.4 \nАдрес пункта назначения: г. Москва, ш. Энтузиастов, д. 14, каб 325\nФормат вводимого адреса: населённый пункт (город, посёлок, село, деревня), улица (проспект, проезд), номер дома с указанием корпуса (при наличии): \nПромежуточный пункт: \nАдрес пункта назначения: \nВремя ожидания в промежуточном пункте: 00:00\nКомментарий водителю: 38123009\nКонтактная информация перевозимого сотрудника: \nФИО: Пикова Алина 8-926 145 18 01 \nМобильный телефон:  7 926 145 18 01\n\nВремя и дата выезда: 15.09.2017 16:00:00','решение решено',1,1507486785,0,1509627471,NULL,1505480400,0,'осц москва/транспорт',NULL,'4',3,5,'Пикова Алина 8-926 145 18 01 ','79261451801','ул. Волгоградский проспект 74, корп.4 ','г. Москва, ш. Энтузиастов, д. 14, каб 325',NULL,4,1508843143,1508843406,'01:15','','00:15',NULL,NULL),(67,'SD106040470',7,'Предоставление легкового автомобиля','Шаблон:Предоставление легкового автомобиля\nПредоставление легкового автомобиля\nЦель выезда: Доставка банковских карт\nДата и Время выезда: 15.09.2017 16:15\nПри формировании заявки на  перевозку на текущую дату транспортное средство будет предоставлено только при наличии свободных автомобилей:  \nМаршрут следования: \nАдрес пункта отправления: ул. Авиамоторная , 8А \nАдрес пункта назначения: г. Москва, ш. Энтузиастов, д. 14, каб 325\nФормат вводимого адреса: населённый пункт (город, посёлок, село, деревня), улица (проспект, проезд), номер дома с указанием корпуса (при наличии): \nПромежуточный пункт: \nАдрес пункта назначения: \nВремя ожидания в промежуточном пункте: 00:00\nКомментарий водителю: 38121058\nКонтактная информация перевозимого сотрудника: \nФИО: Маношин Кирилл  8-925--543-16-23\nМобильный телефон:  7 925 543 16 23\n\nВремя и дата выезда: 15.09.2017 16:15:00','Водитель:Третьяк Леонид Иванович\nтел.79601554545  BMW БЕЛЫЙ номер',1,1507486785,0,1510056432,NULL,1505481300,0,'осц москва/транспорт',NULL,'4',3,5,'Маношин Кирилл  8-925--543-16-23','79255431623','ул. Авиамоторная , 8А ','г. Москва, ш. Энтузиастов, д. 14, каб 325',NULL,16,1510056431,1510056432,'34:34','123','34:54','123',NULL),(68,'SD106040566',7,'Предоставление легкового автомобиля','Шаблон:Предоставление легкового автомобиля\nПредоставление легкового автомобиля\nЦель выезда: Доставка банковских карт\nДата и Время выезда: 15.09.2017 15:00\nПри формировании заявки на  перевозку на текущую дату транспортное средство будет предоставлено только при наличии свободных автомобилей:  \nМаршрут следования: \nАдрес пункта отправления: ул.Оранжерейная, д.23 \nАдрес пункта назначения: г. Москва, ш. Энтузиастов, д. 14, каб 325\nФормат вводимого адреса: населённый пункт (город, посёлок, село, деревня), улица (проспект, проезд), номер дома с указанием корпуса (при наличии): \nПромежуточный пункт: \nАдрес пункта назначения: \nВремя ожидания в промежуточном пункте: 00:00\nКомментарий водителю: 38122206\nКонтактная информация перевозимого сотрудника: \nФИО: Федулов Сергей 89168658050\nМобильный телефон:  7 916 865 80 50\n\nВремя и дата выезда: 15.09.2017 15:00:00','Водитель:Петров Олег Валерьевич\nтел.79607778899  bmw белый A584ЕН',1,1507486785,0,1509627471,NULL,1505476800,0,'осц москва/транспорт',NULL,'4',3,5,'Федулов Сергей 89168658050','79168658050','ул.Оранжерейная, д.23 ','г. Москва, ш. Энтузиастов, д. 14, каб 325',NULL,5,1508925533,1508925556,'12:31','','12:32',NULL,NULL),(69,'SD106040839',7,'Предоставление легкового автомобиля','Шаблон:Предоставление легкового автомобиля\nПредоставление легкового автомобиля\nЦель выезда: Доставка банковских карт\nДата и Время выезда: 15.09.2017 13:00\nПри формировании заявки на  перевозку на текущую дату транспортное средство будет предоставлено только при наличии свободных автомобилей:  \nМаршрут следования: \nАдрес пункта отправления: ул. ВЕШНЯКОВСКАЯ 23\nАдрес пункта назначения: г. Москва, ш. Энтузиастов, д. 14, каб 325\nФормат вводимого адреса: населённый пункт (город, посёлок, село, деревня), улица (проспект, проезд), номер дома с указанием корпуса (при наличии): \nПромежуточный пункт: \nАдрес пункта назначения: ул. ВЕШНЯКОВСКАЯ 12 Б\nВремя ожидания в промежуточном пункте: 00:10\nКомментарий водителю: 38127063\nКонтактная информация перевозимого сотрудника: \nФИО: Кузнецов Василий 89636660025  \nМобильный телефон:  7 963 666 00 25\n\nВремя и дата выезда: 15.09.2017 13:00:00','23432куцаа3ц\nВодитель:Петров Олег Валерьевич\nтел.79607778899  bmw белый A584ЕН',1,1507486785,0,1509627471,NULL,1505469600,0,'осц москва/транспорт',NULL,'4',3,5,'Кузнецов Василий 89636660025  ','79636660025','ул. ВЕШНЯКОВСКАЯ 23','г. Москва, ш. Энтузиастов, д. 14, каб 325',NULL,5,1508925683,1508925720,'23:42','','23:42',NULL,NULL),(70,'SD106041693',7,'Предоставление легкового автомобиля','Шаблон:Предоставление легкового автомобиля\nПредоставление легкового автомобиля\nЦель выезда: Доставка банковских карт\nДата и Время выезда: 15.09.2017 15:00\nПри формировании заявки на  перевозку на текущую дату транспортное средство будет предоставлено только при наличии свободных автомобилей:  \nМаршрут следования: \nАдрес пункта отправления: ул. Красноказарменная улица, 14А корпус 1\nАдрес пункта назначения: г. Москва, ш. Энтузиастов, д. 14, каб 325\nФормат вводимого адреса: населённый пункт (город, посёлок, село, деревня), улица (проспект, проезд), номер дома с указанием корпуса (при наличии): \nПромежуточный пункт: \nАдрес пункта назначения: \nВремя ожидания в промежуточном пункте: 00:00\nКомментарий водителю: 38164555\nКонтактная информация перевозимого сотрудника: \nФИО: Бабаева Саида 8-965-357-58-45\nМобильный телефон:  7 965 357 58 45\n\nВремя и дата выезда: 15.09.2017 15:00:00','Водитель:Третьяк Леонид Иванович\nтел.79601554545  BMW БЕЛЫЙ номер',1,1507486785,0,1510056626,NULL,1505476800,0,'осц москва/транспорт',NULL,'4',3,5,'Бабаева Саида 8-965-357-58-45','79653575845','ул. Красноказарменная улица, 14А корпус 1','г. Москва, ш. Энтузиастов, д. 14, каб 325',NULL,16,1510056620,1510056626,'32:42','234','23:43','324',NULL),(71,'SD106041734',7,'Предоставление легкового автомобиля','Шаблон:Предоставление легкового автомобиля\nПредоставление легкового автомобиля\nЦель выезда: Встречи с клиентами\nДата и Время выезда: 15.09.2017 14:00\nПри формировании заявки на  перевозку на текущую дату транспортное средство будет предоставлено только при наличии свободных автомобилей:  \nМаршрут следования: \nАдрес пункта отправления: Ильинка, 7\nАдрес пункта назначения: Вавилова, 19\nФормат вводимого адреса: населённый пункт (город, посёлок, село, деревня), улица (проспект, проезд), номер дома с указанием корпуса (при наличии): \nПромежуточный пункт: \nАдрес пункта назначения: \nВремя ожидания в промежуточном пункте: 00:00\nКомментарий водителю: \nКонтактная информация перевозимого сотрудника: \nФИО: Марков Константин Георгиевич\nМобильный телефон:  7 916 814 38 90\n\nВремя и дата выезда: 15.09.2017 14:00:00','Водитель:Петров Олег Валерьевич\nтел.79607778899  bmw белый A584ЕН',1,1507486785,0,1509627471,NULL,1505473200,0,'осц москва/транспорт',NULL,NULL,3,5,'Марков Константин Георгиевич','79168143890','Ильинка, 7','Вавилова, 19',NULL,5,1508927860,1508927887,'32:42','','32:43',NULL,NULL),(72,'SD106049842',5,'Предоставление легкового автомобиля','Шаблон:Предоставление легкового автомобиля\nПредоставление легкового автомобиля\nЦель выезда: Доставка банковских карт\nДата и Время выезда: 15.09.2017 17:10\nПри формировании заявки на  перевозку на текущую дату транспортное средство будет предоставлено только при наличии свободных автомобилей:  \nМаршрут следования: \nАдрес пункта отправления:  Москва ул Трубецкая д 8\nАдрес пункта назначения: Москва Сивцев Вражек 29/16\nФормат вводимого адреса: населённый пункт (город, посёлок, село, деревня), улица (проспект, проезд), номер дома с указанием корпуса (при наличии): \nПромежуточный пункт: \nАдрес пункта назначения: \nВремя ожидания в промежуточном пункте: 00:00\nКомментарий водителю: 38211079\nКонтактная информация перевозимого сотрудника: \nФИО: Седова Алена\nМобильный телефон:  8 967 160 58 46\n\nВремя и дата выезда: 15.09.2017 17:10:00','Водитель:Иван Иванович Иванов\nтел.79219291230  bmw белый A584ЕН152',1,1507486785,0,1509710224,NULL,1505484600,0,'осц москва/транспорт',NULL,'4',3,5,'Седова Алена','89671605846',' Москва ул Трубецкая д 8','Москва Сивцев Вражек 29/16',NULL,3,1509710224,NULL,'null','null','null','null',NULL),(73,'SD106050696',7,'Предоставление легкового автомобиля','Шаблон:Предоставление легкового автомобиля\nПредоставление легкового автомобиля\nЦель выезда: Доставка банковских карт\nДата и Время выезда: 15.09.2017 15:10\nПри формировании заявки на  перевозку на текущую дату транспортное средство будет предоставлено только при наличии свободных автомобилей:  \nМаршрут следования: \nАдрес пункта отправления:  Москва ул Моховая д 9\nАдрес пункта назначения: Москва Сивцев Вражек 29/16 \nФормат вводимого адреса: населённый пункт (город, посёлок, село, деревня), улица (проспект, проезд), номер дома с указанием корпуса (при наличии): \nПромежуточный пункт: \nАдрес пункта назначения: \nВремя ожидания в промежуточном пункте: 00:00\nКомментарий водителю: 38181833\nКонтактная информация перевозимого сотрудника: \nФИО: Пономарева Марина\nМобильный телефон:  8 960 617 84 95\n\nВремя и дата выезда: 15.09.2017 15:10:00','null\nВодитель:Петров Олег Валерьевич\nтел.79607778899  bmw белый A584ЕН',1,1507486785,0,1510056595,NULL,1505477400,0,'осц москва/транспорт',NULL,'4',3,5,'Пономарева Марина','89606178495',' Москва ул Моховая д 9','Москва Сивцев Вражек 29/16 ',NULL,16,1508925446,1510056595,'12:32','3123','23:12','123',NULL),(74,'SD106050851',7,'Предоставление легкового автомобиля','Шаблон:Предоставление легкового автомобиля\nПредоставление легкового автомобиля\nЦель выезда: Доставка банковских карт\nДата и Время выезда: 15.09.2017 17:40\nПри формировании заявки на  перевозку на текущую дату транспортное средство будет предоставлено только при наличии свободных автомобилей:  \nМаршрут следования: \nАдрес пункта отправления: Москва Сигнальный проезд д23\nАдрес пункта назначения: Москва Сивцев Вражек 29/16\nФормат вводимого адреса: населённый пункт (город, посёлок, село, деревня), улица (проспект, проезд), номер дома с указанием корпуса (при наличии): \nПромежуточный пункт: \nАдрес пункта назначения: \nВремя ожидания в промежуточном пункте: 00:00\nКомментарий водителю: 38212148\nКонтактная информация перевозимого сотрудника: \nФИО: Головлева Татьяна \nМобильный телефон:  8 985 019 61 50\n\nВремя и дата выезда: 15.09.2017 17:40:00','Водитель:Третьяк Леонид Иванович\nтел.79601554545  BMW БЕЛЫЙ номер',1,1507486785,0,1510056156,NULL,1505486400,0,'осц москва/транспорт',NULL,'4',3,5,'Головлева Татьяна ','89850196150','Москва Сигнальный проезд д23','Москва Сивцев Вражек 29/16',NULL,16,1510056125,1510056156,'21:32','12312','21:31','123123',NULL),(75,'SD106051103',5,'Предоставление легкового автомобиля','Шаблон:Предоставление легкового автомобиля\nПредоставление легкового автомобиля\nЦель выезда: Доставка банковских карт\nДата и Время выезда: 15.09.2017 15:00\nПри формировании заявки на  перевозку на текущую дату транспортное средство будет предоставлено только при наличии свободных автомобилей:  \nМаршрут следования: \nАдрес пункта отправления: Москва ул Щепкина д49 А\nАдрес пункта назначения: Москва Сигнальный проезд д23\nФормат вводимого адреса: населённый пункт (город, посёлок, село, деревня), улица (проспект, проезд), номер дома с указанием корпуса (при наличии): \nПромежуточный пункт: \nАдрес пункта назначения: \nВремя ожидания в промежуточном пункте: 00:00\nКомментарий водителю: 38212148\nКонтактная информация перевозимого сотрудника: \nФИО: Головлева Татьяна \nМобильный телефон:  8 985 019 61 50\n\nВремя и дата выезда: 15.09.2017 15:00:00',NULL,NULL,1507486785,0,1508758797,NULL,1505476800,0,'осц москва/транспорт',NULL,'4',3,5,'Головлева Татьяна ','89850196150','Москва ул Щепкина д49 А','Москва Сигнальный проезд д23',NULL,3,1505476800,NULL,NULL,NULL,NULL,NULL,NULL),(76,'SD106051192',5,'Предоставление легкового автомобиля','Шаблон:Предоставление легкового автомобиля\nПредоставление легкового автомобиля\nЦель выезда: Доставка банковских карт\nДата и Время выезда: 15.09.2017 16:40\nПри формировании заявки на  перевозку на текущую дату транспортное средство будет предоставлено только при наличии свободных автомобилей:  \nМаршрут следования: \nАдрес пункта отправления: Москва Илимская д 5 к 2\nАдрес пункта назначения: Москва Сивцев Вражек 29/16\nФормат вводимого адреса: населённый пункт (город, посёлок, село, деревня), улица (проспект, проезд), номер дома с указанием корпуса (при наличии): \nПромежуточный пункт: \nАдрес пункта назначения: \nВремя ожидания в промежуточном пункте: 00:00\nКомментарий водителю: 38185614\nКонтактная информация перевозимого сотрудника: \nФИО: Карпова Татьяна\nМобильный телефон:  8 915 109 37 85\n\nВремя и дата выезда: 15.09.2017 16:40:00','Водитель:Третьяк Леонид Иванович\nтел.79601554545  bmw белый A584ЕН',1,1507486785,0,1509627674,NULL,1505482800,0,'осц москва/транспорт',NULL,'4',3,5,'Карпова Татьяна','89151093785','Москва Илимская д 5 к 2','Москва Сивцев Вражек 29/16',NULL,16,1509622461,NULL,'null','','null',NULL,NULL),(77,'SD106051604',7,'Предоставление легкового автомобиля','Шаблон:Предоставление легкового автомобиля\nПредоставление легкового автомобиля\nЦель выезда: Доставка банковских карт\nДата и Время выезда: 15.09.2017 16:40\nПри формировании заявки на  перевозку на текущую дату транспортное средство будет предоставлено только при наличии свободных автомобилей:  \nМаршрут следования: \nАдрес пункта отправления: Москва ул Академика Анохина д 28 к 1\nАдрес пункта назначения: Москва Сивцев Вражек 29/16\nФормат вводимого адреса: населённый пункт (город, посёлок, село, деревня), улица (проспект, проезд), номер дома с указанием корпуса (при наличии): \nПромежуточный пункт: \nАдрес пункта назначения: \nВремя ожидания в промежуточном пункте: 00:00\nКомментарий водителю: 38185674\nКонтактная информация перевозимого сотрудника: \nФИО: Стоян Елена\nМобильный телефон:  8 916 941 81 87\n\nВремя и дата выезда: 15.09.2017 16:40:00','Водитель:Третьяк Леонид Иванович\nтел.79601554545  BMW БЕЛЫЙ номер',1,1507486785,0,1510056553,NULL,1505482800,0,'осц москва/транспорт',NULL,'4',3,5,'Стоян Елена','89169418187','Москва ул Академика Анохина д 28 к 1','Москва Сивцев Вражек 29/16',NULL,16,1510056517,1510056553,'01:15','350','00:00','620',NULL),(78,'SD106052128',7,'Предоставление легкового автомобиля','Шаблон:Предоставление легкового автомобиля\nПредоставление легкового автомобиля\nЦель выезда: Доставка банковских карт\nДата и Время выезда: 15.09.2017 17:10\nПри формировании заявки на  перевозку на текущую дату транспортное средство будет предоставлено только при наличии свободных автомобилей:  \nМаршрут следования: \nАдрес пункта отправления:  Москва Ленинский проспект д 132\nАдрес пункта назначения: Москва Сивцев Вражек 29/16\nФормат вводимого адреса: населённый пункт (город, посёлок, село, деревня), улица (проспект, проезд), номер дома с указанием корпуса (при наличии): \nПромежуточный пункт: \nАдрес пункта назначения: \nВремя ожидания в промежуточном пункте: 00:00\nКомментарий водителю: 38186373\nКонтактная информация перевозимого сотрудника: \nФИО: Сохова Ольга\nМобильный телефон:  8 915 380 16 75\n\nВремя и дата выезда: 15.09.2017 17:10:00','Водитель:Третьяк Леонид Иванович\nтел.79601554545  BMW БЕЛЫЙ номер',1,1507486785,0,1510056749,NULL,1505484600,0,'осц москва/транспорт',NULL,'4',3,5,'Сохова Ольга','89153801675',' Москва Ленинский проспект д 132','Москва Сивцев Вражек 29/16',NULL,16,1510056716,1510056749,'11:11','3333','22:22','4444',NULL),(79,'SD106052401',2,'Предоставление легкового автомобиля','Шаблон:Предоставление легкового автомобиля\nПредоставление легкового автомобиля\nЦель выезда: Доставка банковских карт\nДата и Время выезда: 15.09.2017 15:35\nПри формировании заявки на  перевозку на текущую дату транспортное средство будет предоставлено только при наличии свободных автомобилей:  \nМаршрут следования: \nАдрес пункта отправления: Москва Ломоносовский проспект д 27 к 4\nАдрес пункта назначения: Москва Сивцев Вражек 29/16\nФормат вводимого адреса: населённый пункт (город, посёлок, село, деревня), улица (проспект, проезд), номер дома с указанием корпуса (при наличии): \nПромежуточный пункт: \nАдрес пункта назначения: \nВремя ожидания в промежуточном пункте: 00:00\nКомментарий водителю: 38181833\nКонтактная информация перевозимого сотрудника: \nФИО: Вострикова Ольга\nМобильный телефон:  8 926 701 71 40\n\nВремя и дата выезда: 15.09.2017 15:35:00','null',NULL,1507486785,0,1509627674,NULL,1505478900,0,'осц москва/транспорт',NULL,NULL,3,5,'Вострикова Ольга','89267017140','Москва Ломоносовский проспект д 27 к 4','Москва Сивцев Вражек 29/16',NULL,NULL,1505478900,NULL,'null','','null',NULL,NULL),(80,'SD106052991',2,'Предоставление легкового автомобиля','Шаблон:Предоставление легкового автомобиля\nПредоставление легкового автомобиля\nЦель выезда: Доставка банковских карт\nДата и Время выезда: 15.09.2017 16:15\nПри формировании заявки на  перевозку на текущую дату транспортное средство будет предоставлено только при наличии свободных автомобилей:  \nМаршрут следования: \nАдрес пункта отправления:  Москва ул Тимура Фрунзе д 11 к 2\nАдрес пункта назначения: г. Москва ул. Б. Якиманка д. 18\nФормат вводимого адреса: населённый пункт (город, посёлок, село, деревня), улица (проспект, проезд), номер дома с указанием корпуса (при наличии): \nПромежуточный пункт: \nАдрес пункта назначения: \nВремя ожидания в промежуточном пункте: 00:00\nКомментарий водителю: 38140752\nКонтактная информация перевозимого сотрудника: \nФИО: Лапердина Майя \nМобильный телефон:  8 965 169 44 64\n\nВремя и дата выезда: 15.09.2017 16:15:00',NULL,NULL,1507486785,0,NULL,NULL,1505481300,0,'осц москва/транспорт',NULL,NULL,3,5,'Лапердина Майя ','89651694464',' Москва ул Тимура Фрунзе д 11 к 2','г. Москва ул. Б. Якиманка д. 18',NULL,0,1505481300,NULL,NULL,NULL,NULL,NULL,NULL),(81,'SD106053030',2,'Предоставление легкового автомобиля','Шаблон:Предоставление легкового автомобиля\nПредоставление легкового автомобиля\nЦель выезда: Доставка банковских карт\nДата и Время выезда: 15.09.2017 16:30\nПри формировании заявки на  перевозку на текущую дату транспортное средство будет предоставлено только при наличии свободных автомобилей:  \nМаршрут следования: \nАдрес пункта отправления:  Москва ул Островитянова д 1\nАдрес пункта назначения: г. Москва ул. Б. Якиманка д. 18\nФормат вводимого адреса: населённый пункт (город, посёлок, село, деревня), улица (проспект, проезд), номер дома с указанием корпуса (при наличии): \nПромежуточный пункт: \nАдрес пункта назначения: \nВремя ожидания в промежуточном пункте: 00:00\nКомментарий водителю: 38116299\nКонтактная информация перевозимого сотрудника: \nФИО: Ряховский Алексей \nМобильный телефон:  8 916 373 11 81\n\nВремя и дата выезда: 15.09.2017 16:30:00',NULL,NULL,1507486785,0,NULL,NULL,1505482200,0,'осц москва/транспорт',NULL,NULL,3,5,'Ряховский Алексей ','89163731181',' Москва ул Островитянова д 1','г. Москва ул. Б. Якиманка д. 18',NULL,0,1505482200,NULL,NULL,NULL,NULL,NULL,NULL),(82,'SD106053222',2,'Предоставление легкового автомобиля','Шаблон:Предоставление легкового автомобиля\nПредоставление легкового автомобиля\nЦель выезда: Доставка банковских карт\nДата и Время выезда: 15.09.2017 16:20\nПри формировании заявки на  перевозку на текущую дату транспортное средство будет предоставлено только при наличии свободных автомобилей:  \nМаршрут следования: \nАдрес пункта отправления: Москва Чистопрудный бульвар д 12 а\nАдрес пункта назначения: г. Москва ул. Б. Якиманка д. 18\nФормат вводимого адреса: населённый пункт (город, посёлок, село, деревня), улица (проспект, проезд), номер дома с указанием корпуса (при наличии): \nПромежуточный пункт: \nАдрес пункта назначения: \nВремя ожидания в промежуточном пункте: 00:00\nКомментарий водителю: 38115555\nКонтактная информация перевозимого сотрудника: \nФИО: Петрова Юлия\nМобильный телефон:  8 916 503 56 53\n\nВремя и дата выезда: 15.09.2017 16:20:00',NULL,NULL,1507486785,0,NULL,NULL,1505481600,0,'осц москва/транспорт',NULL,NULL,3,5,'Петрова Юлия','89165035653','Москва Чистопрудный бульвар д 12 а','г. Москва ул. Б. Якиманка д. 18',NULL,0,1505481600,NULL,NULL,NULL,NULL,NULL,NULL),(83,'SD106053875',2,'Предоставление легкового автомобиля','Шаблон:Предоставление легкового автомобиля\nПредоставление легкового автомобиля\nЦель выезда: Доставка банковских карт\nДата и Время выезда: 15.09.2017 16:20\nПри формировании заявки на  перевозку на текущую дату транспортное средство будет предоставлено только при наличии свободных автомобилей:  \nМаршрут следования: \nАдрес пункта отправления:  Москва ул Дмитрий Ульянова д 15 к 1\nАдрес пункта назначения: г. Москва ул. Б. Якиманка д. 18\nФормат вводимого адреса: населённый пункт (город, посёлок, село, деревня), улица (проспект, проезд), номер дома с указанием корпуса (при наличии): \nПромежуточный пункт: \nАдрес пункта назначения: \nВремя ожидания в промежуточном пункте: 00:00\nКомментарий водителю: 38113753\nКонтактная информация перевозимого сотрудника: \nФИО: Дробная Ирина\nМобильный телефон:  8 916 513 80 91\n\nВремя и дата выезда: 15.09.2017 16:20:00',NULL,NULL,1507486785,0,NULL,NULL,1505481600,0,'осц москва/транспорт',NULL,NULL,3,5,'Дробная Ирина','89165138091',' Москва ул Дмитрий Ульянова д 15 к 1','г. Москва ул. Б. Якиманка д. 18',NULL,0,1505481600,NULL,NULL,NULL,NULL,NULL,NULL),(84,'SD106054350',2,'Предоставление легкового автомобиля','Шаблон:Предоставление легкового автомобиля\nПредоставление легкового автомобиля\nЦель выезда: Доставка банковских карт\nДата и Время выезда: 15.09.2017 16:20\nПри формировании заявки на  перевозку на текущую дату транспортное средство будет предоставлено только при наличии свободных автомобилей:  \nМаршрут следования: \nАдрес пункта отправления: Москва Академика Волгина д 6\nАдрес пункта назначения: Москва Большая Якиманка  18\nФормат вводимого адреса: населённый пункт (город, посёлок, село, деревня), улица (проспект, проезд), номер дома с указанием корпуса (при наличии): \nПромежуточный пункт: \nАдрес пункта назначения: \nВремя ожидания в промежуточном пункте: 00:00\nКомментарий водителю: 38111964\nКонтактная информация перевозимого сотрудника: \nФИО: Трусова Алла\nМобильный телефон:  8 916 481 07 31\n\nВремя и дата выезда: 15.09.2017 16:20:00','null',NULL,1507486785,0,1509627674,NULL,1505481600,0,'осц москва/транспорт',NULL,'4',3,5,'Трусова Алла','89164810731','Москва Академика Волгина д 6','Москва Большая Якиманка  18',NULL,NULL,1505481600,NULL,'null','','null',NULL,NULL),(85,'SD106054396',2,'Предоставление легкового автомобиля','Шаблон:Предоставление легкового автомобиля\nПредоставление легкового автомобиля\nЦель выезда: Доставка банковских карт\nДата и Время выезда: 15.09.2017 17:00\nПри формировании заявки на  перевозку на текущую дату транспортное средство будет предоставлено только при наличии свободных автомобилей:  \nМаршрут следования: \nАдрес пункта отправления: Москва ул Павла Корчагина д 22\nАдрес пункта назначения: Москва Большая Якиманка 18\nФормат вводимого адреса: населённый пункт (город, посёлок, село, деревня), улица (проспект, проезд), номер дома с указанием корпуса (при наличии): \nПромежуточный пункт: \nАдрес пункта назначения: \nВремя ожидания в промежуточном пункте: 00:00\nКомментарий водителю: 38141599\nКонтактная информация перевозимого сотрудника: \nФИО: Лепешкина Галина\nМобильный телефон:  8 916 533 50 16\n\nВремя и дата выезда: 15.09.2017 17:00:00',NULL,NULL,1507486785,0,NULL,NULL,1505484000,0,'осц москва/транспорт',NULL,NULL,3,5,'Лепешкина Галина','89165335016','Москва ул Павла Корчагина д 22','Москва Большая Якиманка 18',NULL,0,1505484000,NULL,NULL,NULL,NULL,NULL,NULL),(86,'SD106054510',2,'Предоставление легкового автомобиля','Шаблон:Предоставление легкового автомобиля\nПредоставление легкового автомобиля\nЦель выезда: Доставка банковских карт\nДата и Время выезда: 15.09.2017 14:20\nПри формировании заявки на  перевозку на текущую дату транспортное средство будет предоставлено только при наличии свободных автомобилей:  \nМаршрут следования: \nАдрес пункта отправления:  Москва 1-й Нагатинский проезд д 10\nАдрес пункта назначения: г. Москва ул. Б. Якиманка д. 18\nФормат вводимого адреса: населённый пункт (город, посёлок, село, деревня), улица (проспект, проезд), номер дома с указанием корпуса (при наличии): \nПромежуточный пункт: \nАдрес пункта назначения: \nВремя ожидания в промежуточном пункте: 00:00\nКомментарий водителю: 38112880\nКонтактная информация перевозимого сотрудника: \nФИО: Холодова Маргарита\nМобильный телефон:  8 963 975 51 56\n\nВремя и дата выезда: 15.09.2017 14:20:00',NULL,NULL,1507486785,0,NULL,NULL,1505474400,0,'осц москва/транспорт',NULL,NULL,3,5,'Холодова Маргарита','89639755156',' Москва 1-й Нагатинский проезд д 10','г. Москва ул. Б. Якиманка д. 18',NULL,0,1505474400,NULL,NULL,NULL,NULL,NULL,NULL),(87,'SD106054874',2,'Предоставление легкового автомобиля','Шаблон:Предоставление легкового автомобиля\nПредоставление легкового автомобиля\nЦель выезда: Доставка банковских карт\nДата и Время выезда: 15.09.2017 16:20\nПри формировании заявки на  перевозку на текущую дату транспортное средство будет предоставлено только при наличии свободных автомобилей:  \nМаршрут следования: \nАдрес пункта отправления: Москва ул Азовская д 19\nАдрес пункта назначения: Москва Большая Якиманка 18\nФормат вводимого адреса: населённый пункт (город, посёлок, село, деревня), улица (проспект, проезд), номер дома с указанием корпуса (при наличии): \nПромежуточный пункт: \nАдрес пункта назначения: \nВремя ожидания в промежуточном пункте: 00:00\nКомментарий водителю: 38115555\nКонтактная информация перевозимого сотрудника: \nФИО: Дергунова Надежда\nМобильный телефон:  8 926 585 17 95\n\nВремя и дата выезда: 15.09.2017 16:20:00',NULL,NULL,1507486785,0,NULL,NULL,1505481600,0,'осц москва/транспорт',NULL,NULL,3,5,'Дергунова Надежда','89265851795','Москва ул Азовская д 19','Москва Большая Якиманка 18',NULL,0,1505481600,NULL,NULL,NULL,NULL,NULL,NULL),(88,'SD106055032',2,'Предоставление легкового автомобиля','Шаблон:Предоставление легкового автомобиля\nПредоставление легкового автомобиля\nСпасибо.\nЦель выезда: Доставка банковских карт\nДата и Время выезда: 15.09.2017 16:10\nПри формировании заявки на  перевозку на текущую дату транспортное средство будет предоставлено только при наличии свободных автомобилей:  \nМаршрут следования: \nАдрес пункта отправления: медведева д 2\nАдрес пункта назначения: ш энтузиастов 14\nФормат вводимого адреса: населённый пункт (город, посёлок, село, деревня), улица (проспект, проезд), номер дома с указанием корпуса (при наличии): \nПромежуточный пункт: \nАдрес пункта назначения: \nВремя ожидания в промежуточном пункте: 00:00\nКомментарий водителю: 38122150\nКонтактная информация перевозимого сотрудника: \nФИО: Фандеев Александр 8-968-910-89-39\nМобильный телефон:  8 968 910 89 39\n\nВремя и дата выезда: 15.09.2017 16:10:00',NULL,NULL,1507486785,0,NULL,NULL,1505481000,0,'осц москва/транспорт',NULL,NULL,3,5,'Фандеев Александр 8-968-910-89-39','89689108939','медведева д 2','ш энтузиастов 14',NULL,0,1505481000,NULL,NULL,NULL,NULL,NULL,NULL),(89,'SD106055168',2,'Предоставление легкового автомобиля','Шаблон:Предоставление легкового автомобиля\nПредоставление легкового автомобиля\nСпасибо.\nЦель выезда: Доставка банковских карт\nДата и Время выезда: 15.09.2017 15:10\nПри формировании заявки на  перевозку на текущую дату транспортное средство будет предоставлено только при наличии свободных автомобилей:  \nМаршрут следования: \nАдрес пункта отправления: ул. 1-ый институтский проезд, 5\nАдрес пункта назначения: ш энтузиастов 14\nФормат вводимого адреса: населённый пункт (город, посёлок, село, деревня), улица (проспект, проезд), номер дома с указанием корпуса (при наличии): \nПромежуточный пункт: \nАдрес пункта назначения: \nВремя ожидания в промежуточном пункте: 00:00\nКомментарий водителю: 38361415\nКонтактная информация перевозимого сотрудника: \nФИО: Мельниченко Иван 8903-611-7791\nМобильный телефон:  8 903 611 77 91\n\nВремя и дата выезда: 15.09.2017 15:10:00',NULL,NULL,1507486785,0,NULL,NULL,1505477400,0,'осц москва/транспорт',NULL,NULL,3,5,'Мельниченко Иван 8903-611-7791','89036117791','ул. 1-ый институтский проезд, 5','ш энтузиастов 14',NULL,0,1505477400,NULL,NULL,NULL,NULL,NULL,NULL),(90,'SD106056560',2,'Предоставление легкового автомобиля','Шаблон:Предоставление легкового автомобиля\nПредоставление легкового автомобиля\nЦель выезда: Встречи с клиентами\nДата и Время выезда: 15.09.2017 13:00\nПри формировании заявки на  перевозку на текущую дату транспортное средство будет предоставлено только при наличии свободных автомобилей:  \nМаршрут следования: \nАдрес пункта отправления: Московская область, п.Власиха\nАдрес пункта назначения: г.Москва, Оружейный переулок 41\nФормат вводимого адреса: населённый пункт (город, посёлок, село, деревня), улица (проспект, проезд), номер дома с указанием корпуса (при наличии): \nПромежуточный пункт: \nАдрес пункта назначения: \nВремя ожидания в промежуточном пункте: 00:00\nКомментарий водителю: Необходимо встретить у КПП п.власиха со стороны Одинцово\nКонтактная информация перевозимого сотрудника: \nФИО: Плаксин Сергей Прокофьевич\nМобильный телефон:  7 985 415 03 06\n\nВремя и дата выезда: 15.09.2017 13:00:00',NULL,NULL,1507486785,0,NULL,NULL,1505469600,0,'осц москва/транспорт',NULL,NULL,3,5,'Плаксин Сергей Прокофьевич','79854150306','Московская область, п.Власиха','г.Москва, Оружейный переулок 41',NULL,0,1505469600,NULL,NULL,NULL,NULL,NULL,NULL),(91,'SD106057123',7,'Предоставление легкового автомобиля','Шаблон:Предоставление легкового автомобиля\nПредоставление легкового автомобиля\nЦель выезда: Доставка банковских карт\nДата и Время выезда: 15.09.2017 15:20\nПри формировании заявки на  перевозку на текущую дату транспортное средство будет предоставлено только при наличии свободных автомобилей:  \nМаршрут следования: \nАдрес пункта отправления: ул. Кулакова, дом  17/2 \nАдрес пункта назначения: Расплетина д.10, корп. 1,  \nФормат вводимого адреса: населённый пункт (город, посёлок, село, деревня), улица (проспект, проезд), номер дома с указанием корпуса (при наличии): \nПромежуточный пункт: \nАдрес пункта назначения: \nВремя ожидания в промежуточном пункте: 00:00\nКомментарий водителю: 38170100\nКонтактная информация перевозимого сотрудника: \nФИО: Самаева Гуля\nМобильный телефон:  7 926 571 17 59\n\nВремя и дата выезда: 15.09.2017 15:20:00','Назначена машина: bmw, 123321. Водитель: Иван Иванович Иванов, 79219291230\r\n',1,1507486786,0,1509627288,1507527943,1505478000,0,'осц москва/транспорт',NULL,'5',3,5,'Самаева Гуля','79265711759','ул. Кулакова, дом  17/2 ','Расплетина д.10, корп. 1,  ',NULL,0,1505478000,NULL,'','','',NULL,NULL),(92,'SD106057147',7,'Предоставление легкового автомобиля','Шаблон:Предоставление легкового автомобиля\nПредоставление легкового автомобиля\nЦель выезда: Доставка банковских карт\nДата и Время выезда: 15.09.2017 15:15\nПри формировании заявки на  перевозку на текущую дату транспортное средство будет предоставлено только при наличии свободных автомобилей:  \nМаршрут следования: \nАдрес пункта отправления: Дубнинская 40 к 2\nАдрес пункта назначения: ул.Новослободская, д.16\nФормат вводимого адреса: населённый пункт (город, посёлок, село, деревня), улица (проспект, проезд), номер дома с указанием корпуса (при наличии): \nПромежуточный пункт: \nАдрес пункта назначения: \nВремя ожидания в промежуточном пункте: 00:00\nКомментарий водителю: 38044712\nВремя подачи:15:15\nАдрес подачи: Дубнинская 40 к 2\nПункт назначения:Новослободская 16\nКонтактная информация перевозимого сотрудника: \nФИО: Немцева Анна Владимировна\nМобильный телефон:  8 985 013 33 23\n\nВремя и дата выезда: 15.09.2017 15:15:00','Назначена машина: bmw, 123321. Водитель: Иван Иванович Иванов, 79219291230\r\n-',1,1507486786,0,1509627288,NULL,1505477700,0,'осц москва/транспорт',NULL,'5',3,5,'Немцева Анна Владимировна','89850133323','Дубнинская 40 к 2','ул.Новослободская, д.16',NULL,0,1505477700,1507692627,'1','2','3',NULL,NULL),(93,'SD106057155',7,'Предоставление легкового автомобиля','Шаблон:Предоставление легкового автомобиля\nПредоставление легкового автомобиля\nЦель выезда: Доставка банковских карт\nДата и Время выезда: 15.09.2017 15:30\nПри формировании заявки на  перевозку на текущую дату транспортное средство будет предоставлено только при наличии свободных автомобилей:  \nМаршрут следования: \nАдрес пункта отправления: ул. Маршала Новикова, дом  13 \nАдрес пункта назначения: Расплетина д.10, корп. 1,  \nФормат вводимого адреса: населённый пункт (город, посёлок, село, деревня), улица (проспект, проезд), номер дома с указанием корпуса (при наличии): \nПромежуточный пункт: \nАдрес пункта назначения: \nВремя ожидания в промежуточном пункте: 00:00\nКомментарий водителю: 38172314\nКонтактная информация перевозимого сотрудника: \nФИО: Мухамедьянова Роза\nМобильный телефон:  7 965 357 52 96\n\nВремя и дата выезда: 15.09.2017 15:30:00','Назначена машина: bmw, 123321. Водитель: Иван Иванович Иванов, 79219291230\r\n',1,1507486786,0,1509627288,NULL,1505478600,0,'осц москва/транспорт',NULL,'5',3,5,'Мухамедьянова Роза','79653575296','ул. Маршала Новикова, дом  13 ','Расплетина д.10, корп. 1,  ',NULL,0,1505478600,1507009205,'','','',NULL,NULL),(94,'SD106057287',5,'Предоставление легкового автомобиля','Шаблон:Предоставление легкового автомобиля\nПредоставление легкового автомобиля\nЦель выезда: Доставка банковских карт\nДата и Время выезда: 15.09.2017 15:15\nПри формировании заявки на  перевозку на текущую дату транспортное средство будет предоставлено только при наличии свободных автомобилей:  \nМаршрут следования: \nАдрес пункта отправления: Боткинский 2-й проезд, 5 к22\nАдрес пункта назначения: ул.Новослободская, д.16\nФормат вводимого адреса: населённый пункт (город, посёлок, село, деревня), улица (проспект, проезд), номер дома с указанием корпуса (при наличии): \nПромежуточный пункт: \nАдрес пункта назначения: \nВремя ожидания в промежуточном пункте: 00:00\nКомментарий водителю: 38046842\nВремя подачи:15:15\nАдрес подачи:Боткинский 2-й проезд, 5 к22\nПункт назначения:Новослободская 16\nКонтактная информация перевозимого сотрудника: \nФИО: Сафронов Максим Андреевич\nМобильный телефон:  8 916 726 23 63\n\nВремя и дата выезда: 15.09.2017 15:15:00','Назначена машина: BMW, номер. Водитель: Тест Тестовый тестович, 71919111111\r\n',NULL,1507486786,0,1509627674,NULL,1505477700,0,'осц москва/транспорт',NULL,NULL,3,5,'Сафронов Максим Андреевич','89167262363','Боткинский 2-й проезд, 5 к22','ул.Новослободская, д.16',NULL,3,1505477700,NULL,'null','','null',NULL,NULL),(95,'SD106057313',2,'Предоставление легкового автомобиля','Шаблон:Предоставление легкового автомобиля\nПредоставление легкового автомобиля\nЦель выезда: Доставка банковских карт\nДата и Время выезда: 15.09.2017 15:15\nПри формировании заявки на  перевозку на текущую дату транспортное средство будет предоставлено только при наличии свободных автомобилей:  \nМаршрут следования: \nАдрес пункта отправления: Москва Кронштадтский бульвар, 20\nАдрес пункта назначения: ул.Новослободская, д.16\nФормат вводимого адреса: населённый пункт (город, посёлок, село, деревня), улица (проспект, проезд), номер дома с указанием корпуса (при наличии): \nПромежуточный пункт: \nАдрес пункта назначения: \nВремя ожидания в промежуточном пункте: 00:00\nКомментарий водителю: 38043492\nВремя подачи:15:15\nАдрес подачи:Москва Кронштадтский бульвар, 20\nПункт назначения:Новослободская 16\nКонтактная информация перевозимого сотрудника: \nФИО: ДЕМЕНКОВ Сергей Сергеевич\nМобильный телефон:  8 968 526 96 07\n\nВремя и дата выезда: 15.09.2017 15:15:00','Назначена машина: bmw, 123321. Водитель: Иван Иванович Иванов, 79219291230\r\n',NULL,1507486786,0,1509627674,NULL,1505477700,0,'осц москва/транспорт',NULL,'4',3,5,'ДЕМЕНКОВ Сергей Сергеевич','89685269607','Москва Кронштадтский бульвар, 20','ул.Новослободская, д.16',NULL,NULL,1505477700,NULL,'null','','null',NULL,NULL),(96,'SD106057430',7,'Предоставление легкового автомобиля','Шаблон:Предоставление легкового автомобиля\nПредоставление легкового автомобиля\nЦель выезда: Доставка банковских карт\nДата и Время выезда: 15.09.2017 15:15\nПри формировании заявки на  перевозку на текущую дату транспортное средство будет предоставлено только при наличии свободных автомобилей:  \nМаршрут следования: \nАдрес пункта отправления: Москва, ул. Новопесчаная, д. 15\nАдрес пункта назначения: ул.Новослободская, д.16\nФормат вводимого адреса: населённый пункт (город, посёлок, село, деревня), улица (проспект, проезд), номер дома с указанием корпуса (при наличии): \nПромежуточный пункт: \nАдрес пункта назначения: \nВремя ожидания в промежуточном пункте: 00:00\nКомментарий водителю: 38045280\nВремя подачи:15:15\nАдрес подачи:Москва, ул. Новопесчаная, д. 15\nПункт назначения:Новослободская 16\nКонтактная информация перевозимого сотрудника: \nФИО: Дворникова Кристина Анатольевна\nМобильный телефон:  8 977 864 18 79\n\nВремя и дата выезда: 15.09.2017 15:15:00','',NULL,1507486786,0,1509627288,1508753873,1505477700,0,'осц москва/транспорт',NULL,'4',3,5,'Дворникова Кристина Анатольевна','89778641879','Москва, ул. Новопесчаная, д. 15','ул.Новослободская, д.16',NULL,NULL,1505477700,NULL,'','','',NULL,NULL),(97,'SD106057527',2,'Предоставление легкового автомобиля','Шаблон:Предоставление легкового автомобиля\nПредоставление легкового автомобиля\nЦель выезда: Доставка банковских карт\nДата и Время выезда: 15.09.2017 15:15\nПри формировании заявки на  перевозку на текущую дату транспортное средство будет предоставлено только при наличии свободных автомобилей:  \nМаршрут следования: \nАдрес пункта отправления: Москва, Ижорская, д.13\nАдрес пункта назначения: ул.Новослободская, д.16\nФормат вводимого адреса: населённый пункт (город, посёлок, село, деревня), улица (проспект, проезд), номер дома с указанием корпуса (при наличии): \nПромежуточный пункт: \nАдрес пункта назначения: \nВремя ожидания в промежуточном пункте: 00:00\nКомментарий водителю: 38042809\nВремя подачи:15:15\nАдрес подачи:г. Москва, Ижорская, д.13\nПункт назначения:Новослободская 16\nКонтактная информация перевозимого сотрудника: \nФИО: Потапова Екатерина Сергеевна\nМобильный телефон:  8 905 595 00 69\n\nВремя и дата выезда: 15.09.2017 15:15:00',NULL,NULL,1507486786,0,NULL,NULL,1505477700,0,'осц москва/транспорт',NULL,NULL,3,5,'Потапова Екатерина Сергеевна','89055950069','Москва, Ижорская, д.13','ул.Новослободская, д.16',NULL,0,1505477700,NULL,NULL,NULL,NULL,NULL,NULL),(98,'SD106057884',5,'Предоставление легкового автомобиля','Шаблон:Предоставление легкового автомобиля\nПредоставление легкового автомобиля\nЦель выезда: Доставка банковских карт\nДата и Время выезда: 15.09.2017 17:15\nПри формировании заявки на  перевозку на текущую дату транспортное средство будет предоставлено только при наличии свободных автомобилей:  \nМаршрут следования: \nАдрес пункта отправления: Москва,Чаянова 15\nАдрес пункта назначения: ул.Новослободская, д.16\nФормат вводимого адреса: населённый пункт (город, посёлок, село, деревня), улица (проспект, проезд), номер дома с указанием корпуса (при наличии): \nПромежуточный пункт: \nАдрес пункта назначения: \nВремя ожидания в промежуточном пункте: 00:00\nКомментарий водителю: 38074116\nВремя подачи:17:15\nАдрес подачи:Москва,Чаянова 15\nПункт назначения:Новослободская 16\nКонтактная информация перевозимого сотрудника: \nФИО: Перепелкина Евгения Васильевна\nМобильный телефон:  8 926 884 96 01\n\nВремя и дата выезда: 15.09.2017 17:15:00','Назначена машина: bmw, 123321. Водитель: Иван Иванович Иванов, 79219291230\r\n',NULL,1507486786,0,1509627674,NULL,1505484900,0,'осц москва/транспорт',NULL,'4',3,5,'Перепелкина Евгения Васильевна','89268849601','Москва,Чаянова 15','ул.Новослободская, д.16',NULL,3,1508846225,1508845703,'null','','null',NULL,NULL),(99,'SD106058080',5,'Предоставление легкового автомобиля','Шаблон:Предоставление легкового автомобиля\nПредоставление легкового автомобиля\nЦель выезда: Доставка банковских карт\nДата и Время выезда: 15.09.2017 15:15\nПри формировании заявки на  перевозку на текущую дату транспортное средство будет предоставлено только при наличии свободных автомобилей:  \nМаршрут следования: \nАдрес пункта отправления: Зеленоград,  корпус 445\nАдрес пункта назначения: г.Зеленоград, Савелкинский прд. д.6\nФормат вводимого адреса: населённый пункт (город, посёлок, село, деревня), улица (проспект, проезд), номер дома с указанием корпуса (при наличии): \nПромежуточный пункт: \nАдрес пункта назначения: \nВремя ожидания в промежуточном пункте: 00:00\nКомментарий водителю: 38156294\nВремя подачи:15:15\nАдрес подачи: Зеленоград,  корпус 445\nПункт назначения: г.Зеленоград, Савелкинский прд. д.6\nКонтактная информация перевозимого сотрудника: \nФИО: Железнов Алексей Сергеевич\nМобильный телефон:  8 977 329 56 36\n\nВремя и дата выезда: 15.09.2017 15:15:00',NULL,NULL,1507486786,0,1508767047,NULL,1505477700,0,'осц москва/транспорт',NULL,'4',3,5,'Железнов Алексей Сергеевич','89773295636','Зеленоград,  корпус 445','г.Зеленоград, Савелкинский прд. д.6',NULL,3,1505477700,NULL,NULL,NULL,NULL,NULL,NULL),(100,'SD106058111',2,'Предоставление легкового автомобиля','Шаблон:Предоставление легкового автомобиля\nПредоставление легкового автомобиля\nЦель выезда: Доставка банковских карт\nДата и Время выезда: 15.09.2017 15:45\nПри формировании заявки на  перевозку на текущую дату транспортное средство будет предоставлено только при наличии свободных автомобилей:  \nМаршрут следования: \nАдрес пункта отправления: Зеленоград, КОРПУС 1510\nАдрес пункта назначения:  г.Зеленоград, Савелкинский прд. д.6\nФормат вводимого адреса: населённый пункт (город, посёлок, село, деревня), улица (проспект, проезд), номер дома с указанием корпуса (при наличии): \nПромежуточный пункт: \nАдрес пункта назначения: \nВремя ожидания в промежуточном пункте: 00:00\nКомментарий водителю: 38155697\nВремя подачи:15:45\nАдрес подачи: Зеленоград, КОРПУС 1510\nПункт назначения: г.Зеленоград, Савелкинский прд. д.6\nКонтактная информация перевозимого сотрудника: \nФИО: Конюхова Татьяна Алексеевна\nМобильный телефон:  8 929 912 26 04\n\nВремя и дата выезда: 15.09.2017 15:45:00',NULL,NULL,1507486786,0,NULL,NULL,1505479500,0,'осц москва/транспорт',NULL,NULL,3,5,'Конюхова Татьяна Алексеевна','89299122604','Зеленоград, КОРПУС 1510',' г.Зеленоград, Савелкинский прд. д.6',NULL,0,1505479500,NULL,NULL,NULL,NULL,NULL,NULL),(101,'SD106058245',2,'Предоставление легкового автомобиля','Шаблон:Предоставление легкового автомобиля\nПредоставление легкового автомобиля\nС уважением,\nДоценко Алёна Евгеньевна\nКоординатор\nПодразделения Московского банка Подразделения Московского банка Блок РБ\nРазмещение : Улица Днепропетровская, дом 3, корпус 5а, кабинет 310\nТелефон : 8 925 020 53 86\nвн. : 855-41-70-37\nЦель выезда: Доставка банковских карт\nДата и Время выезда: 15.09.2017 16:10\nПри формировании заявки на  перевозку на текущую дату транспортное средство будет предоставлено только при наличии свободных автомобилей:  \nМаршрут следования: \nАдрес пункта отправления:  город Москва,ул. Житная 14\nАдрес пункта назначения: город Москва, улица Днепропетровская, дом 3, корпус 5а\nФормат вводимого адреса: населённый пункт (город, посёлок, село, деревня), улица (проспект, проезд), номер дома с указанием корпуса (при наличии): \nПромежуточный пункт: \nАдрес пункта назначения: \nВремя ожидания в промежуточном пункте: 00:00\nКомментарий водителю: 38100964\nКонтактная информация перевозимого сотрудника: \nФИО: Тренев Александр Владиславович\nМобильный телефон:  8 985 827 71 09\n\nВремя и дата выезда: 15.09.2017 16:10:00',NULL,NULL,1507486786,0,NULL,NULL,1505481000,0,'осц москва/транспорт',NULL,NULL,3,5,'Тренев Александр Владиславович','89858277109',' город Москва,ул. Житная 14','город Москва, улица Днепропетровская, дом 3, корпус 5а',NULL,0,1505481000,NULL,NULL,NULL,NULL,NULL,NULL),(102,'SD106058425',2,'Предоставление легкового автомобиля','Шаблон:Предоставление легкового автомобиля\nПредоставление легкового автомобиля\nЦель выезда: Доставка банковских карт\nДата и Время выезда: 15.09.2017 15:15\nПри формировании заявки на  перевозку на текущую дату транспортное средство будет предоставлено только при наличии свободных автомобилей:  \nМаршрут следования: \nАдрес пункта отправления: Москва, улица Ивана Сусанина, д.3\nАдрес пункта назначения: Новослободская 16\nФормат вводимого адреса: населённый пункт (город, посёлок, село, деревня), улица (проспект, проезд), номер дома с указанием корпуса (при наличии): \nПромежуточный пункт: \nАдрес пункта назначения: \nВремя ожидания в промежуточном пункте: 00:00\nКомментарий водителю:  38044436\nВремя подачи:15:15\nАдрес подачи:Москва, улица Ивана Сусанина, д.3\nПункт назначения: Новослободская 16\nКонтактная информация перевозимого сотрудника: \nФИО: Ким Евгений Станиславович\nМобильный телефон:  8 932 413 50 00\n\nВремя и дата выезда: 15.09.2017 15:15:00',NULL,NULL,1507486786,0,NULL,NULL,1505477700,0,'осц москва/транспорт',NULL,NULL,3,5,'Ким Евгений Станиславович','89324135000','Москва, улица Ивана Сусанина, д.3','Новослободская 16',NULL,0,1505477700,NULL,NULL,NULL,NULL,NULL,NULL),(103,'SD106058450',2,'Предоставление легкового автомобиля','Шаблон:Предоставление легкового автомобиля\nПредоставление легкового автомобиля\nЦель выезда: Доставка банковских карт\nДата и Время выезда: 15.09.2017 15:15\nПри формировании заявки на  перевозку на текущую дату транспортное средство будет предоставлено только при наличии свободных автомобилей:  \nМаршрут следования: \nАдрес пункта отправления: Москва,ул. Балтийская, дом 8\nАдрес пункта назначения: Новослободская 16\nФормат вводимого адреса: населённый пункт (город, посёлок, село, деревня), улица (проспект, проезд), номер дома с указанием корпуса (при наличии): \nПромежуточный пункт: \nАдрес пункта назначения: \nВремя ожидания в промежуточном пункте: 00:00\nКомментарий водителю: 38045656\nВремя подачи:15:15\nАдрес подачи:Москва,ул. Балтийская, дом 8 \nПункт назначения:Новослободская 16\nКонтактная информация перевозимого сотрудника: \nФИО: Хожаев Василий Юрьевич\nМобильный телефон:  8 925 075 87 74\n\nВремя и дата выезда: 15.09.2017 15:15:00',NULL,NULL,1507486786,0,NULL,NULL,1505477700,0,'осц москва/транспорт',NULL,NULL,3,5,'Хожаев Василий Юрьевич','89250758774','Москва,ул. Балтийская, дом 8','Новослободская 16',NULL,0,1505477700,NULL,NULL,NULL,NULL,NULL,NULL),(104,'SD106058794',2,'Предоставление легкового автомобиля','Шаблон:Предоставление легкового автомобиля\nПредоставление легкового автомобиля\nС уважением,\nДоценко Алёна Евгеньевна\nКоординатор\nПодразделения Московского банка Подразделения Московского банка Блок РБ\nРазмещение : Улица Днепропетровская, дом 3, корпус 5а, кабинет 310\nТелефон : 8 925 020 53 86\nвн. : 855-41-70-37\nЦель выезда: Доставка банковских карт\nДата и Время выезда: 15.09.2017 15:10\nПри формировании заявки на  перевозку на текущую дату транспортное средство будет предоставлено только при наличии свободных автомобилей:  \nМаршрут следования: \nАдрес пункта отправления: Москва Задонский пр-д 34 корп.2\nАдрес пункта назначения: город Москва, улица Днепропетровская, дом 3, корпус 5а\nФормат вводимого адреса: населённый пункт (город, посёлок, село, деревня), улица (проспект, проезд), номер дома с указанием корпуса (при наличии): \nПромежуточный пункт: \nАдрес пункта назначения: \nВремя ожидания в промежуточном пункте: 00:00\nКомментарий водителю: 38068147\nКонтактная информация перевозимого сотрудника: \nФИО: Мамедов Руслан Алиевич\nМобильный телефон:  8 915 097 63 87\n\nВремя и дата выезда: 15.09.2017 15:10:00',NULL,NULL,1507486786,0,NULL,NULL,1505477400,0,'осц москва/транспорт',NULL,NULL,3,5,'Мамедов Руслан Алиевич','89150976387','Москва Задонский пр-д 34 корп.2','город Москва, улица Днепропетровская, дом 3, корпус 5а',NULL,0,1505477400,NULL,NULL,NULL,NULL,NULL,NULL),(105,'SD106058814',2,'Предоставление легкового автомобиля','Шаблон:Предоставление легкового автомобиля\nПредоставление легкового автомобиля\nС уважением,\nДоценко Алёна Евгеньевна\nКоординатор\nПодразделения Московского банка Подразделения Московского банка Блок РБ\nРазмещение : Улица Днепропетровская, дом 3, корпус 5а, кабинет 310\nТелефон : 8 925 020 53 86\nвн. : 855-41-70-37\nЦель выезда: Доставка банковских карт\nДата и Время выезда: 15.09.2017 15:10\nПри формировании заявки на  перевозку на текущую дату транспортное средство будет предоставлено только при наличии свободных автомобилей:  \nМаршрут следования: \nАдрес пункта отправления: город Москва, улица Кировоградская, дом 42, корпус Б\nАдрес пункта назначения: город Москва, улица Днепропетровская, дом 3, корпус 5а\nФормат вводимого адреса: населённый пункт (город, посёлок, село, деревня), улица (проспект, проезд), номер дома с указанием корпуса (при наличии): \nПромежуточный пункт: \nАдрес пункта назначения: \nВремя ожидания в промежуточном пункте: 00:00\nКомментарий водителю: 38063213\nКонтактная информация перевозимого сотрудника: \nФИО: Аббясова Лилия Равилевна\nМобильный телефон:  8 966 352 11 22\n\nВремя и дата выезда: 15.09.2017 15:10:00',NULL,NULL,1507486786,0,NULL,NULL,1505477400,0,'осц москва/транспорт',NULL,NULL,3,5,'Аббясова Лилия Равилевна','89663521122','город Москва, улица Кировоградская, дом 42, корпус Б','город Москва, улица Днепропетровская, дом 3, корпус 5а',NULL,0,1505477400,NULL,NULL,NULL,NULL,NULL,NULL),(106,'SD106059297',2,'Предоставление легкового автомобиля','Шаблон:Предоставление легкового автомобиля\nПредоставление легкового автомобиля\nС уважением,\nДоценко Алёна Евгеньевна\nКоординатор\nПодразделения Московского банка Подразделения Московского банка Блок РБ\nРазмещение : Улица Днепропетровская, дом 3, корпус 5а, кабинет 310\nТелефон : 8 925 020 53 86\nвн. : 855-41-70-37\nЦель выезда: Доставка банковских карт\nДата и Время выезда: 15.09.2017 15:40\nПри формировании заявки на  перевозку на текущую дату транспортное средство будет предоставлено только при наличии свободных автомобилей:  \nМаршрут следования: \nАдрес пункта отправления: город Москва,  Варшавское шоссе 93\nАдрес пункта назначения: город Москва, улица Днепропетровская, дом 3, корпус 5а\nФормат вводимого адреса: населённый пункт (город, посёлок, село, деревня), улица (проспект, проезд), номер дома с указанием корпуса (при наличии): \nПромежуточный пункт: \nАдрес пункта назначения: \nВремя ожидания в промежуточном пункте: 00:00\nКомментарий водителю: 38080236\nКонтактная информация перевозимого сотрудника: \nФИО: Янгареева Евгения Васильевна\nМобильный телефон:  8 916 348 48 53\n\nВремя и дата выезда: 15.09.2017 15:40:00',NULL,NULL,1507486786,0,NULL,NULL,1505479200,0,'осц москва/транспорт',NULL,NULL,3,5,'Янгареева Евгения Васильевна','89163484853','город Москва,  Варшавское шоссе 93','город Москва, улица Днепропетровская, дом 3, корпус 5а',NULL,0,1505479200,NULL,NULL,NULL,NULL,NULL,NULL),(107,'SD106059402',2,'Предоставление легкового автомобиля','Шаблон:Предоставление легкового автомобиля\nПредоставление легкового автомобиля\nЦель выезда: Доставка банковских карт\nДата и Время выезда: 15.09.2017 15:00\nПри формировании заявки на  перевозку на текущую дату транспортное средство будет предоставлено только при наличии свободных автомобилей:  \nМаршрут следования: \nАдрес пункта отправления: ул. Крылатская, дом 28 \nАдрес пункта назначения: Расплетина д.10, корп. 1,  \nФормат вводимого адреса: населённый пункт (город, посёлок, село, деревня), улица (проспект, проезд), номер дома с указанием корпуса (при наличии): \nПромежуточный пункт: \nАдрес пункта назначения: \nВремя ожидания в промежуточном пункте: 00:00\nКомментарий водителю: 38173088\nКонтактная информация перевозимого сотрудника: \nФИО: Цокол Иван\nМобильный телефон:  7 963 997 72 47\n\nВремя и дата выезда: 15.09.2017 15:00:00',NULL,NULL,1507486786,0,NULL,NULL,1505476800,0,'осц москва/транспорт',NULL,NULL,3,5,'Цокол Иван','79639977247','ул. Крылатская, дом 28 ','Расплетина д.10, корп. 1,  ',NULL,0,1505476800,NULL,NULL,NULL,NULL,NULL,NULL),(108,'SD106059405',7,'Предоставление легкового автомобиля','Шаблон:Предоставление легкового автомобиля\nПредоставление легкового автомобиля\nС уважением,\nДоценко Алёна Евгеньевна\nКоординатор\nПодразделения Московского банка Подразделения Московского банка Блок РБ\nРазмещение : Улица Днепропетровская, дом 3, корпус 5а, кабинет 310\nТелефон : 8 925 020 53 86\nвн. : 855-41-70-37\nЦель выезда: Доставка банковских карт\nДата и Время выезда: 15.09.2017 15:50\nПри формировании заявки на  перевозку на текущую дату транспортное средство будет предоставлено только при наличии свободных автомобилей:  \nМаршрут следования: \nАдрес пункта отправления: город Москва, 5-ый Рощинский проезд, дом 4\nАдрес пункта назначения: город Москва, улица Днепропетровская, дом 3, корпус 5а\nФормат вводимого адреса: населённый пункт (город, посёлок, село, деревня), улица (проспект, проезд), номер дома с указанием корпуса (при наличии): \nПромежуточный пункт: \nАдрес пункта назначения: \nВремя ожидания в промежуточном пункте: 00:00\nКомментарий водителю: 38064386\nКонтактная информация перевозимого сотрудника: \nФИО: Сиденко Станислав Александрович \nМобильный телефон:  8 926 820 53 24\n\nВремя и дата выезда: 15.09.2017 15:50:00','Назначена машина: bmw, 123321. Водитель: Иван Иванович Иванов, 79219291230\r\n',1,1507486786,0,1507490995,NULL,1505479800,0,'осц москва/транспорт',NULL,'',3,5,'Сиденко Станислав Александрович ','89268205324','город Москва, 5-ый Рощинский проезд, дом 4','город Москва, улица Днепропетровская, дом 3, корпус 5а',NULL,0,1505479800,NULL,NULL,NULL,NULL,NULL,NULL),(109,'SD106059428',2,'Предоставление легкового автомобиля','Шаблон:Предоставление легкового автомобиля\nПредоставление легкового автомобиля\nС уважением,\nДоценко Алёна Евгеньевна\nКоординатор\nПодразделения Московского банка Подразделения Московского банка Блок РБ\nРазмещение : Улица Днепропетровская, дом 3, корпус 5а, кабинет 310\nТелефон : 8 925 020 53 86\nвн. : 855-41-70-37\nЦель выезда: Доставка банковских карт\nДата и Время выезда: 15.09.2017 15:50\nПри формировании заявки на  перевозку на текущую дату транспортное средство будет предоставлено только при наличии свободных автомобилей:  \nМаршрут следования: \nАдрес пункта отправления: город Москва, улица Ереванская, дом 20, корпус 5\nАдрес пункта назначения: город Москва, улица Днепропетровская, дом 3, корпус 5а\nФормат вводимого адреса: населённый пункт (город, посёлок, село, деревня), улица (проспект, проезд), номер дома с указанием корпуса (при наличии): \nПромежуточный пункт: \nАдрес пункта назначения: \nВремя ожидания в промежуточном пункте: 00:00\nКомментарий водителю: 38066639\nКонтактная информация перевозимого сотрудника: \nФИО: Чиркова Ирина Андреевна\nМобильный телефон:  8 977 475 62 28\n\nВремя и дата выезда: 15.09.2017 15:50:00',NULL,NULL,1507486786,0,NULL,NULL,1505479800,0,'осц москва/транспорт',NULL,NULL,3,5,'Чиркова Ирина Андреевна','89774756228','город Москва, улица Ереванская, дом 20, корпус 5','город Москва, улица Днепропетровская, дом 3, корпус 5а',NULL,0,1505479800,NULL,NULL,NULL,NULL,NULL,NULL),(110,'SD106059468',2,'Предоставление легкового автомобиля','Шаблон:Предоставление легкового автомобиля\nПредоставление легкового автомобиля\nЦель выезда: Доставка банковских карт\nДата и Время выезда: 15.09.2017 15:00\nПри формировании заявки на  перевозку на текущую дату транспортное средство будет предоставлено только при наличии свободных автомобилей:  \nМаршрут следования: \nАдрес пункта отправления: ул. Демьяна Бедного, дом 18, корп. 1 \nАдрес пункта назначения: Расплетина д.10, корп. 1,  \nФормат вводимого адреса: населённый пункт (город, посёлок, село, деревня), улица (проспект, проезд), номер дома с указанием корпуса (при наличии): \nПромежуточный пункт: \nАдрес пункта назначения: \nВремя ожидания в промежуточном пункте: 00:00\nКомментарий водителю: 38173412\nКонтактная информация перевозимого сотрудника: \nФИО: Морозов Дмитрий\nМобильный телефон:  7 926 667 78 18\n\nВремя и дата выезда: 15.09.2017 15:00:00',NULL,NULL,1507486786,0,NULL,NULL,1505476800,0,'осц москва/транспорт',NULL,NULL,3,5,'Морозов Дмитрий','79266677818','ул. Демьяна Бедного, дом 18, корп. 1 ','Расплетина д.10, корп. 1,  ',NULL,0,1505476800,NULL,NULL,NULL,NULL,NULL,NULL),(111,'SD106059624',2,'Предоставление легкового автомобиля','Шаблон:Предоставление легкового автомобиля\nПредоставление легкового автомобиля\nЦель выезда: Доставка банковских карт\nДата и Время выезда: 15.09.2017 15:00\nПри формировании заявки на  перевозку на текущую дату транспортное средство будет предоставлено только при наличии свободных автомобилей:  \nМаршрут следования: \nАдрес пункта отправления: ул. Вилиса Лациса, дом 33, корп. 2 \nАдрес пункта назначения: Расплетина д.10, корп. 1,  \nФормат вводимого адреса: населённый пункт (город, посёлок, село, деревня), улица (проспект, проезд), номер дома с указанием корпуса (при наличии): \nПромежуточный пункт: \nАдрес пункта назначения: \nВремя ожидания в промежуточном пункте: 00:00\nКомментарий водителю: 38170413\nКонтактная информация перевозимого сотрудника: \nФИО: Королькова Кристина\nМобильный телефон:  7 977 464 14 93\n\nВремя и дата выезда: 15.09.2017 15:00:00',NULL,NULL,1507486786,0,NULL,NULL,1505476800,0,'осц москва/транспорт',NULL,NULL,3,5,'Королькова Кристина','79774641493','ул. Вилиса Лациса, дом 33, корп. 2 ','Расплетина д.10, корп. 1,  ',NULL,0,1505476800,NULL,NULL,NULL,NULL,NULL,NULL),(112,'SD106059886',2,'Предоставление легкового автомобиля','Шаблон:Предоставление легкового автомобиля\nПредоставление легкового автомобиля\nЦель выезда: Доставка банковских карт\nДата и Время выезда: 15.09.2017 15:00\nПри формировании заявки на  перевозку на текущую дату транспортное средство будет предоставлено только при наличии свободных автомобилей:  \nМаршрут следования: \nАдрес пункта отправления: ул. Маршала Катукова, дом 21, корп. 2 \nАдрес пункта назначения: Расплетина д.10, корп. 1, \nФормат вводимого адреса: населённый пункт (город, посёлок, село, деревня), улица (проспект, проезд), номер дома с указанием корпуса (при наличии): \nПромежуточный пункт: \nАдрес пункта назначения: \nВремя ожидания в промежуточном пункте: 00:00\nКомментарий водителю: 38172970\nКонтактная информация перевозимого сотрудника: \nФИО: Малышева Ирина\nМобильный телефон:  7 926 333 68 78\n\nВремя и дата выезда: 15.09.2017 15:00:00',NULL,NULL,1507486786,0,NULL,NULL,1505476800,0,'осц москва/транспорт',NULL,NULL,3,5,'Малышева Ирина','79263336878','ул. Маршала Катукова, дом 21, корп. 2 ','Расплетина д.10, корп. 1, ',NULL,0,1505476800,NULL,NULL,NULL,NULL,NULL,NULL),(113,'SD106059903',2,'Предоставление легкового автомобиля','Шаблон:Предоставление легкового автомобиля\nПредоставление легкового автомобиля\nЦель выезда: Доставка банковских карт\nДата и Время выезда: 15.09.2017 15:00\nПри формировании заявки на  перевозку на текущую дату транспортное средство будет предоставлено только при наличии свободных автомобилей:  \nМаршрут следования: \nАдрес пункта отправления: ул. Маршала Рыбалко, дом 4 \nАдрес пункта назначения: Расплетина д.10, корп. 1,  \nФормат вводимого адреса: населённый пункт (город, посёлок, село, деревня), улица (проспект, проезд), номер дома с указанием корпуса (при наличии): \nПромежуточный пункт: \nАдрес пункта назначения: \nВремя ожидания в промежуточном пункте: 00:00\nКомментарий водителю: 38172733\nКонтактная информация перевозимого сотрудника: \nФИО: Крылова Екатерина\nМобильный телефон:  7 926 475 07 11\n\nВремя и дата выезда: 15.09.2017 15:00:00',NULL,NULL,1507486786,0,NULL,NULL,1505476800,0,'осц москва/транспорт',NULL,NULL,3,5,'Крылова Екатерина','79264750711','ул. Маршала Рыбалко, дом 4 ','Расплетина д.10, корп. 1,  ',NULL,0,1505476800,NULL,NULL,NULL,NULL,NULL,NULL),(114,'SD106059940',2,'Предоставление легкового автомобиля','Шаблон:Предоставление легкового автомобиля\nПредоставление легкового автомобиля\nЦель выезда: Гемба\nДата и Время выезда: 15.09.2017 13:00\nПри формировании заявки на  перевозку на текущую дату транспортное средство будет предоставлено только при наличии свободных автомобилей:  \nМаршрут следования: \nАдрес пункта отправления: ул. Полярная, д.1\nАдрес пункта назначения: Оружейный переулок, д.41\nФормат вводимого адреса: населённый пункт (город, посёлок, село, деревня), улица (проспект, проезд), номер дома с указанием корпуса (при наличии): \nПромежуточный пункт: \nАдрес пункта назначения: \nВремя ожидания в промежуточном пункте: 00:00\nКомментарий водителю: \nКонтактная информация перевозимого сотрудника: \nФИО: Ельцов Денис Николаевич\nМобильный телефон:  7 926 571 34 98\n\nВремя и дата выезда: 15.09.2017 13:00:00',NULL,NULL,1507486786,0,NULL,NULL,1505469600,0,'осц москва/транспорт',NULL,NULL,3,5,'Ельцов Денис Николаевич','79265713498','ул. Полярная, д.1','Оружейный переулок, д.41',NULL,0,1505469600,NULL,NULL,NULL,NULL,NULL,NULL),(115,'SD106060097',2,'Предоставление легкового автомобиля','Шаблон:Предоставление легкового автомобиля\nПредоставление легкового автомобиля\nС уважением,\nДоценко Алёна Евгеньевна\nКоординатор\nПодразделения Московского банка Подразделения Московского банка Блок РБ\nРазмещение : Улица Днепропетровская, дом 3, корпус 5а, кабинет 310\nТелефон : 8 925 020 53 86\nвн. : 855-41-70-37\nЦель выезда: Доставка банковских карт\nДата и Время выезда: 15.09.2017 15:40\nПри формировании заявки на  перевозку на текущую дату транспортное средство будет предоставлено только при наличии свободных автомобилей:  \nМаршрут следования: \nАдрес пункта отправления: город Москва, 3 Радиальная д 6 \nАдрес пункта назначения: город Москва, улица Днепропетровская, дом 3, корпус 5а\nФормат вводимого адреса: населённый пункт (город, посёлок, село, деревня), улица (проспект, проезд), номер дома с указанием корпуса (при наличии): \nПромежуточный пункт: \nАдрес пункта назначения: \nВремя ожидания в промежуточном пункте: 00:00\nКомментарий водителю: 38064099\nКонтактная информация перевозимого сотрудника: \nФИО: Четверикова Анастасия Владимировна \nМобильный телефон:  8 977 440 14 50\n\nВремя и дата выезда: 15.09.2017 15:40:00',NULL,NULL,1507486786,0,NULL,NULL,1505479200,0,'осц москва/транспорт',NULL,NULL,3,5,'Четверикова Анастасия Владимировна ','89774401450','город Москва, 3 Радиальная д 6 ','город Москва, улица Днепропетровская, дом 3, корпус 5а',NULL,0,1505479200,NULL,NULL,NULL,NULL,NULL,NULL),(116,'SD106060117',2,'Предоставление легкового автомобиля','Шаблон:Предоставление легкового автомобиля\nПредоставление легкового автомобиля\nС уважением,\nДоценко Алёна Евгеньевна\nКоординатор\nПодразделения Московского банка Подразделения Московского банка Блок РБ\nРазмещение : Улица Днепропетровская, дом 3, корпус 5а, кабинет 310\nТелефон : 8 925 020 53 86\nвн. : 855-41-70-37\nЦель выезда: Доставка банковских карт\nДата и Время выезда: 15.09.2017 15:40\nПри формировании заявки на  перевозку на текущую дату транспортное средство будет предоставлено только при наличии свободных автомобилей:  \nМаршрут следования: \nАдрес пункта отправления: город Москва, улица Судостроительная, дом 44 \nАдрес пункта назначения: город Москва, улица Днепропетровская, дом 3, корпус 5а\nФормат вводимого адреса: населённый пункт (город, посёлок, село, деревня), улица (проспект, проезд), номер дома с указанием корпуса (при наличии): \nПромежуточный пункт: \nАдрес пункта назначения: \nВремя ожидания в промежуточном пункте: 00:00\nКомментарий водителю: 38103075\nКонтактная информация перевозимого сотрудника: \nФИО: Антониади Марина Витальевна\nМобильный телефон:  8 916 348 49 95\n\nВремя и дата выезда: 15.09.2017 15:40:00',NULL,NULL,1507486786,0,NULL,NULL,1505479200,0,'осц москва/транспорт',NULL,NULL,3,5,'Антониади Марина Витальевна','89163484995','город Москва, улица Судостроительная, дом 44 ','город Москва, улица Днепропетровская, дом 3, корпус 5а',NULL,0,1505479200,NULL,NULL,NULL,NULL,NULL,NULL),(117,'SD106060135',2,'Предоставление легкового автомобиля','Шаблон:Предоставление легкового автомобиля\nПредоставление легкового автомобиля\nЦель выезда: Доставка банковских карт\nДата и Время выезда: 15.09.2017 16:10\nПри формировании заявки на  перевозку на текущую дату транспортное средство будет предоставлено только при наличии свободных автомобилей:  \nМаршрут следования: \nАдрес пункта отправления: ПР. ШОКАЛЬСКОГО Д.7 К.2 \nАдрес пункта назначения: ул. Череповецкая, д 20\nФормат вводимого адреса: населённый пункт (город, посёлок, село, деревня), улица (проспект, проезд), номер дома с указанием корпуса (при наличии): \nПромежуточный пункт: \nАдрес пункта назначения: \nВремя ожидания в промежуточном пункте: 00:00\nКомментарий водителю: 38052277\nКонтактная информация перевозимого сотрудника: \nФИО: меринов андрей\nМобильный телефон:  7 903 725 31 11\n\nВремя и дата выезда: 15.09.2017 16:10:00',NULL,NULL,1507486786,0,NULL,NULL,1505481000,0,'осц москва/транспорт',NULL,NULL,3,5,'меринов андрей','79037253111','ПР. ШОКАЛЬСКОГО Д.7 К.2 ','ул. Череповецкая, д 20',NULL,0,1505481000,NULL,NULL,NULL,NULL,NULL,NULL),(118,'SD106060148',2,'Предоставление легкового автомобиля','Шаблон:Предоставление легкового автомобиля\nПредоставление легкового автомобиля\nЦель выезда: Доставка банковских карт\nДата и Время выезда: 15.09.2017 16:10\nПри формировании заявки на  перевозку на текущую дату транспортное средство будет предоставлено только при наличии свободных автомобилей:  \nМаршрут следования: \nАдрес пункта отправления: ул. ярославская д14 стр.1,2 \nАдрес пункта назначения: ул. Череповецкая, д 20\nФормат вводимого адреса: населённый пункт (город, посёлок, село, деревня), улица (проспект, проезд), номер дома с указанием корпуса (при наличии): \nПромежуточный пункт: \nАдрес пункта назначения: \nВремя ожидания в промежуточном пункте: 00:00\nКомментарий водителю: 38052390\nКонтактная информация перевозимого сотрудника: \nФИО: зайцева наталья\nМобильный телефон:  7 999 969 11 55\n\nВремя и дата выезда: 15.09.2017 16:10:00',NULL,NULL,1507486786,0,NULL,NULL,1505481000,0,'осц москва/транспорт',NULL,NULL,3,5,'зайцева наталья','79999691155','ул. ярославская д14 стр.1,2 ','ул. Череповецкая, д 20',NULL,0,1505481000,NULL,NULL,NULL,NULL,NULL,NULL),(119,'SD106060179',2,'Предоставление легкового автомобиля','Шаблон:Предоставление легкового автомобиля\nПредоставление легкового автомобиля\nЦель выезда: Доставка банковских карт\nДата и Время выезда: 15.09.2017 14:15\nПри формировании заявки на  перевозку на текущую дату транспортное средство будет предоставлено только при наличии свободных автомобилей:  \nМаршрут следования: \nАдрес пункта отправления: г. Химки ул. Авиационная вл.8 \nАдрес пункта назначения: ул. Череповецкая, д 20\nФормат вводимого адреса: населённый пункт (город, посёлок, село, деревня), улица (проспект, проезд), номер дома с указанием корпуса (при наличии): \nПромежуточный пункт: \nАдрес пункта назначения: \nВремя ожидания в промежуточном пункте: 00:00\nКомментарий водителю: 38052390\nКонтактная информация перевозимого сотрудника: \nФИО: брусова елена\nМобильный телефон:  7 966 341 99 33\n\nВремя и дата выезда: 15.09.2017 14:15:00',NULL,NULL,1507486786,0,NULL,NULL,1505474100,0,'осц москва/транспорт',NULL,NULL,3,5,'брусова елена','79663419933','г. Химки ул. Авиационная вл.8 ','ул. Череповецкая, д 20',NULL,0,1505474100,NULL,NULL,NULL,NULL,NULL,NULL),(120,'SD106060188',2,'Предоставление легкового автомобиля','Шаблон:Предоставление легкового автомобиля\nПредоставление легкового автомобиля\nЦель выезда: Доставка банковских карт\nДата и Время выезда: 15.09.2017 15:45\nПри формировании заявки на  перевозку на текущую дату транспортное средство будет предоставлено только при наличии свободных автомобилей:  \nМаршрут следования: \nАдрес пункта отправления: ул. Саляма Адиля, дом 2 \nАдрес пункта назначения: Расплетина д.10, корп. 1, \nФормат вводимого адреса: населённый пункт (город, посёлок, село, деревня), улица (проспект, проезд), номер дома с указанием корпуса (при наличии): \nПромежуточный пункт: \nАдрес пункта назначения: \nВремя ожидания в промежуточном пункте: 00:00\nКомментарий водителю: 38172681\nКонтактная информация перевозимого сотрудника: \nФИО: Грошева Ольга\nМобильный телефон:  7 910 009 76 63\n\nВремя и дата выезда: 15.09.2017 15:45:00',NULL,NULL,1507486786,0,NULL,NULL,1505479500,0,'осц москва/транспорт',NULL,NULL,3,5,'Грошева Ольга','79100097663','ул. Саляма Адиля, дом 2 ','Расплетина д.10, корп. 1, ',NULL,0,1505479500,NULL,NULL,NULL,NULL,NULL,NULL),(121,'SD106060265',2,'Предоставление легкового автомобиля','Шаблон:Предоставление легкового автомобиля\nПредоставление легкового автомобиля\nЦель выезда: Доставка банковских карт\nДата и Время выезда: 15.09.2017 16:15\nПри формировании заявки на  перевозку на текущую дату транспортное средство будет предоставлено только при наличии свободных автомобилей:  \nМаршрут следования: \nАдрес пункта отправления: Москва, ул Дубининская д 53 стр 6\nАдрес пункта назначения: Москва, ул. Люсиновская 26/28 корп 6\nФормат вводимого адреса: населённый пункт (город, посёлок, село, деревня), улица (проспект, проезд), номер дома с указанием корпуса (при наличии): \nПромежуточный пункт: \nАдрес пункта назначения: \nВремя ожидания в промежуточном пункте: 00:00\nКомментарий водителю: 38272777\nВремя подачи такси: 16:15\nАдрес отправки: Москва, ул Дубининская д 53 стр 6\nАдрес доставки: Москва, ул. Люсиновская 26/28 корп 6\nКонтактное лицо:  \nСмирнова Галина Ивановна	9261980246\nКонтактная информация перевозимого сотрудника: \nФИО: Смирнова Галина Ивановна\nМобильный телефон:  7 926 198 02 46\n\nВремя и дата выезда: 15.09.2017 16:15:00',NULL,NULL,1507486786,0,NULL,NULL,1505481300,0,'осц москва/транспорт',NULL,NULL,3,5,'Смирнова Галина Ивановна','79261980246','Москва, ул Дубининская д 53 стр 6','Москва, ул. Люсиновская 26/28 корп 6',NULL,0,1505481300,NULL,NULL,NULL,NULL,NULL,NULL),(122,'SD106060908',2,'Предоставление легкового автомобиля','Шаблон:Предоставление легкового автомобиля\nПредоставление легкового автомобиля\nЦель выезда: Доставка банковских карт\nДата и Время выезда: 15.09.2017 16:10\nПри формировании заявки на  перевозку на текущую дату транспортное средство будет предоставлено только при наличии свободных автомобилей:  \nМаршрут следования: \nАдрес пункта отправления: ул. широкая д.24А\nАдрес пункта назначения: ул. Череповецкая, д 20\nФормат вводимого адреса: населённый пункт (город, посёлок, село, деревня), улица (проспект, проезд), номер дома с указанием корпуса (при наличии): \nПромежуточный пункт: \nАдрес пункта назначения: \nВремя ожидания в промежуточном пункте: 00:00\nКомментарий водителю: 38052372\nКонтактная информация перевозимого сотрудника: \nФИО: Якименко денис\nМобильный телефон:  7 964 781 10 41\n\nВремя и дата выезда: 15.09.2017 16:10:00',NULL,NULL,1507486786,0,NULL,NULL,1505481000,0,'осц москва/транспорт',NULL,NULL,3,5,'Якименко денис','79647811041','ул. широкая д.24А','ул. Череповецкая, д 20',NULL,0,1505481000,NULL,NULL,NULL,NULL,NULL,NULL),(123,'SD106060941',2,'Предоставление легкового автомобиля','Шаблон:Предоставление легкового автомобиля\nПредоставление легкового автомобиля\nЦель выезда: Выезды для участия в коллегиальных органах/рабочих группах\nДата и Время выезда: 15.09.2017 14:00\nПри формировании заявки на  перевозку на текущую дату транспортное средство будет предоставлено только при наличии свободных автомобилей:  \nМаршрут следования: \nАдрес пункта отправления: 2-ой Южнопортовый пр-д д.12а\nАдрес пункта назначения: Кутозовский пр-д д32 к1\nФормат вводимого адреса: населённый пункт (город, посёлок, село, деревня), улица (проспект, проезд), номер дома с указанием корпуса (при наличии): \nПромежуточный пункт: \nАдрес пункта назначения: \nВремя ожидания в промежуточном пункте: 00:00\nКомментарий водителю: Встречает на Кутозовский пр-д д32 к1 Березынец Михаил\nт.8(926)359-55-29\nперевозка 10 мониторов\nКонтактная информация перевозимого сотрудника: \nФИО: Мальков Павел Андреевич\nМобильный телефон:  8 985 898 98 52\n\nВремя и дата выезда: 15.09.2017 14:00:00',NULL,NULL,1507486786,0,NULL,NULL,1505473200,0,'осц москва/транспорт',NULL,NULL,3,5,'Мальков Павел Андреевич','89858989852','2-ой Южнопортовый пр-д д.12а','Кутозовский пр-д д32 к1',NULL,0,1505473200,NULL,NULL,NULL,NULL,NULL,NULL),(124,'SD106060947',8,'Предоставление легкового автомобиля','Шаблон:Предоставление легкового автомобиля\nПредоставление легкового автомобиля\nС уважением, \nКорнеева Полина Сергеевна\nКоординатор\nПАО Сбербанк, Московский банк\nУправление прямых продаж\nОтдел прямых продаж Северо-Восток\nВн.тел.: 037-48-42; Гор.тел.: 8 (499) 500-00-05; Моб.тел.: 89162788360.\nРоссия, Москва, Череповецкая д.20\nДаем людям уверенность и надежность!\nwww.sberbank.ru\nЦель выезда: Доставка банковских карт\nДата и Время выезда: 15.09.2017 15:00\nПри формировании заявки на  перевозку на текущую дату транспортное средство будет предоставлено только при наличии свободных автомобилей:  \nМаршрут следования: \nАдрес пункта отправления: 1 дорожный пр-д 5а,гк тк 956\nАдрес пункта назначения: селезневская ул д 30\nФормат вводимого адреса: населённый пункт (город, посёлок, село, деревня), улица (проспект, проезд), номер дома с указанием корпуса (при наличии): \nПромежуточный пункт: \nАдрес пункта назначения: \nВремя ожидания в промежуточном пункте: 00:00\nКомментарий водителю: \nКонтактная информация перевозимого сотрудника: \nФИО: шибаев дмитрий\nМобильный телефон:  8 929 502 34 88\n\nВремя и дата выезда: 15.09.2017 15:00:00',NULL,NULL,1507486786,0,1508827762,NULL,1505476800,0,'осц москва/транспорт',NULL,NULL,3,5,'шибаев дмитрий','89295023488','1 дорожный пр-д 5а,гк тк 956','селезневская ул д 30',NULL,0,1505476800,NULL,NULL,NULL,NULL,NULL,NULL),(125,'SD106060948',2,'Предоставление легкового автомобиля','Шаблон:Предоставление легкового автомобиля\nПредоставление легкового автомобиля\nЦель выезда: Доставка банковских карт\nДата и Время выезда: 15.09.2017 14:15\nПри формировании заявки на  перевозку на текущую дату транспортное средство будет предоставлено только при наличии свободных автомобилей:  \nМаршрут следования: \nАдрес пункта отправления: никитский пер д.3\nАдрес пункта назначения: ул.селезневская д.30\nФормат вводимого адреса: населённый пункт (город, посёлок, село, деревня), улица (проспект, проезд), номер дома с указанием корпуса (при наличии): \nПромежуточный пункт: \nАдрес пункта назначения: \nВремя ожидания в промежуточном пункте: 00:00\nКомментарий водителю: 38052106\nКонтактная информация перевозимого сотрудника: \nФИО: клековкина алена\nМобильный телефон:  7 985 044 49 97\n\nВремя и дата выезда: 15.09.2017 14:15:00',NULL,NULL,1507486786,0,NULL,NULL,1505474100,0,'осц москва/транспорт',NULL,NULL,3,5,'клековкина алена','79850444997','никитский пер д.3','ул.селезневская д.30',NULL,0,1505474100,NULL,NULL,NULL,NULL,NULL,NULL),(126,'SD106060971',2,'Предоставление легкового автомобиля','Шаблон:Предоставление легкового автомобиля\nПредоставление легкового автомобиля\nЦель выезда: Доставка банковских карт\nДата и Время выезда: 15.09.2017 15:45\nПри формировании заявки на  перевозку на текущую дату транспортное средство будет предоставлено только при наличии свободных автомобилей:  \nМаршрут следования: \nАдрес пункта отправления: ул. декабристов д.26а \nАдрес пункта назначения: ул. Череповецкая, д 20\nФормат вводимого адреса: населённый пункт (город, посёлок, село, деревня), улица (проспект, проезд), номер дома с указанием корпуса (при наличии): \nПромежуточный пункт: \nАдрес пункта назначения: \nВремя ожидания в промежуточном пункте: 00:00\nКомментарий водителю: 38052280\nКонтактная информация перевозимого сотрудника: \nФИО: Климова наталья\nМобильный телефон:  7 926 862 66 37\n\nВремя и дата выезда: 15.09.2017 15:45:00',NULL,NULL,1507486786,0,NULL,NULL,1505479500,0,'осц москва/транспорт',NULL,NULL,3,5,'Климова наталья','79268626637','ул. декабристов д.26а ','ул. Череповецкая, д 20',NULL,0,1505479500,NULL,NULL,NULL,NULL,NULL,NULL),(127,'SD106061003',2,'Предоставление легкового автомобиля','Шаблон:Предоставление легкового автомобиля\nПредоставление легкового автомобиля\nЦель выезда: Доставка банковских карт\nДата и Время выезда: 15.09.2017 15:45\nПри формировании заявки на  перевозку на текущую дату транспортное средство будет предоставлено только при наличии свободных автомобилей:  \nМаршрут следования: \nАдрес пункта отправления: ул. северный б-р д.7 стр.1\nАдрес пункта назначения:  ул. Череповецкая, д 20\nФормат вводимого адреса: населённый пункт (город, посёлок, село, деревня), улица (проспект, проезд), номер дома с указанием корпуса (при наличии): \nПромежуточный пункт: \nАдрес пункта назначения: \nВремя ожидания в промежуточном пункте: 00:00\nКомментарий водителю: 38090730\nКонтактная информация перевозимого сотрудника: \nФИО: шпак татьяна\nМобильный телефон:  7 985 889 88 99\n\nВремя и дата выезда: 15.09.2017 15:45:00',NULL,NULL,1507486786,0,NULL,NULL,1505479500,0,'осц москва/транспорт',NULL,NULL,3,5,'шпак татьяна','79858898899','ул. северный б-р д.7 стр.1',' ул. Череповецкая, д 20',NULL,0,1505479500,NULL,NULL,NULL,NULL,NULL,NULL),(128,'SD106061011',2,'Предоставление легкового автомобиля','Шаблон:Предоставление легкового автомобиля\nПредоставление легкового автомобиля\nЦель выезда: Доставка банковских карт\nДата и Время выезда: 15.09.2017 15:45\nПри формировании заявки на  перевозку на текущую дату транспортное средство будет предоставлено только при наличии свободных автомобилей:  \nМаршрут следования: \nАдрес пункта отправления: г Москва, Маршала жукова 1\nАдрес пункта назначения: г москва ул брянская д 8\nФормат вводимого адреса: населённый пункт (город, посёлок, село, деревня), улица (проспект, проезд), номер дома с указанием корпуса (при наличии): \nПромежуточный пункт: \nАдрес пункта назначения: \nВремя ожидания в промежуточном пункте: 00:00\nКомментарий водителю: \nКонтактная информация перевозимого сотрудника: \nФИО: Старицкая Юлия Владимировна \nМобильный телефон:  8 960 886 48 86\n\nВремя и дата выезда: 15.09.2017 15:45:00',NULL,NULL,1507486786,0,NULL,NULL,1505479500,0,'осц москва/транспорт',NULL,NULL,3,5,'Старицкая Юлия Владимировна ','89608864886','г Москва, Маршала жукова 1','г москва ул брянская д 8',NULL,0,1505479500,NULL,NULL,NULL,NULL,NULL,NULL),(129,'SD106061042',2,'Предоставление легкового автомобиля','Шаблон:Предоставление легкового автомобиля\nПредоставление легкового автомобиля\nЦель выезда: Доставка банковских карт\nДата и Время выезда: 15.09.2017 15:40\nПри формировании заявки на  перевозку на текущую дату транспортное средство будет предоставлено только при наличии свободных автомобилей:  \nМаршрут следования: \nАдрес пункта отправления: ул. Вильгельма пика д.3\nАдрес пункта назначения: ярославское ш д.28\nФормат вводимого адреса: населённый пункт (город, посёлок, село, деревня), улица (проспект, проезд), номер дома с указанием корпуса (при наличии): \nПромежуточный пункт: \nАдрес пункта назначения: \nВремя ожидания в промежуточном пункте: 00:00\nКомментарий водителю: 38090800\nКонтактная информация перевозимого сотрудника: \nФИО: Иванова зоя\nМобильный телефон:  7 926 647 97 75\n\nВремя и дата выезда: 15.09.2017 15:40:00',NULL,NULL,1507486786,0,NULL,NULL,1505479200,0,'осц москва/транспорт',NULL,NULL,3,5,'Иванова зоя','79266479775','ул. Вильгельма пика д.3','ярославское ш д.28',NULL,0,1505479200,NULL,NULL,NULL,NULL,NULL,NULL),(130,'SD106061302',2,'Предоставление легкового автомобиля','Шаблон:Предоставление легкового автомобиля\nПредоставление легкового автомобиля\nЦель выезда: Доставка банковских карт\nДата и Время выезда: 15.09.2017 15:45\nПри формировании заявки на  перевозку на текущую дату транспортное средство будет предоставлено только при наличии свободных автомобилей:  \nМаршрут следования: \nАдрес пункта отправления: ул. каргопольская д.8 корп.1 \nАдрес пункта назначения: ул. Череповецкая, д 20\nФормат вводимого адреса: населённый пункт (город, посёлок, село, деревня), улица (проспект, проезд), номер дома с указанием корпуса (при наличии): \nПромежуточный пункт: \nАдрес пункта назначения: \nВремя ожидания в промежуточном пункте: 00:00\nКомментарий водителю: 38052130\nКонтактная информация перевозимого сотрудника: \nФИО: шеин кристина\nМобильный телефон:  7 903 590 28 25\n\nВремя и дата выезда: 15.09.2017 15:45:00',NULL,NULL,1507486786,0,NULL,NULL,1505479500,0,'осц москва/транспорт',NULL,NULL,3,5,'шеин кристина','79035902825','ул. каргопольская д.8 корп.1 ','ул. Череповецкая, д 20',NULL,0,1505479500,NULL,NULL,NULL,NULL,NULL,NULL),(131,'SD106061312',2,'Предоставление легкового автомобиля','Шаблон:Предоставление легкового автомобиля\nПредоставление легкового автомобиля\nС уважением, \nКорнеева Полина Сергеевна\nКоординатор\nПАО Сбербанк, Московский банк\nУправление прямых продаж\nОтдел прямых продаж Северо-Восток\nВн.тел.: 037-48-42; Гор.тел.: 8 (499) 500-00-05; Моб.тел.: 89162788360.\nРоссия, Москва, Череповецкая д.20\nДаем людям уверенность и надежность!\nwww.sberbank.ru\nЦель выезда: Доставка банковских карт\nДата и Время выезда: 15.09.2017 14:40\nПри формировании заявки на  перевозку на текущую дату транспортное средство будет предоставлено только при наличии свободных автомобилей:  \nМаршрут следования: \nАдрес пункта отправления: ногинский район,поселок большое буньково 65 км а/д Волга-1\nАдрес пункта назначения: селезневская 30\nФормат вводимого адреса: населённый пункт (город, посёлок, село, деревня), улица (проспект, проезд), номер дома с указанием корпуса (при наличии): \nПромежуточный пункт: \nАдрес пункта назначения: \nВремя ожидания в промежуточном пункте: 00:00\nКомментарий водителю: 38051199\nКонтактная информация перевозимого сотрудника: \nФИО: Семенова Елизавета\nМобильный телефон:  8 965 357 33 17\n\nВремя и дата выезда: 15.09.2017 14:40:00',NULL,NULL,1507486786,0,NULL,NULL,1505475600,0,'осц москва/транспорт',NULL,NULL,3,5,'Семенова Елизавета','89653573317','ногинский район,поселок большое буньково 65 км а/д Волга-1','селезневская 30',NULL,0,1505475600,NULL,NULL,NULL,NULL,NULL,NULL),(132,'SD106061326',2,'Предоставление легкового автомобиля','Шаблон:Предоставление легкового автомобиля\nПредоставление легкового автомобиля\nЦель выезда: Доставка банковских карт\nДата и Время выезда: 15.09.2017 15:45\nПри формировании заявки на  перевозку на текущую дату транспортное средство будет предоставлено только при наличии свободных автомобилей:  \nМаршрут следования: \nАдрес пункта отправления: 3-й стрелецкий пр д.3\nАдрес пункта назначения: ярославское ш д.28\nФормат вводимого адреса: населённый пункт (город, посёлок, село, деревня), улица (проспект, проезд), номер дома с указанием корпуса (при наличии): \nПромежуточный пункт: \nАдрес пункта назначения: \nВремя ожидания в промежуточном пункте: 00:00\nКомментарий водителю: 38090616\nКонтактная информация перевозимого сотрудника: \nФИО: булышев константин\nМобильный телефон:  7 916 215 52 00\n\nВремя и дата выезда: 15.09.2017 15:45:00',NULL,NULL,1507486786,0,NULL,NULL,1505479500,0,'осц москва/транспорт',NULL,NULL,3,5,'булышев константин','79162155200','3-й стрелецкий пр д.3','ярославское ш д.28',NULL,0,1505479500,NULL,NULL,NULL,NULL,NULL,NULL),(133,'SD106061332',2,'Предоставление легкового автомобиля','Шаблон:Предоставление легкового автомобиля\nПредоставление легкового автомобиля\nЦель выезда: Доставка банковских карт\nДата и Время выезда: 15.09.2017 16:15\nПри формировании заявки на  перевозку на текущую дату транспортное средство будет предоставлено только при наличии свободных автомобилей:  \nМаршрут следования: \nАдрес пункта отправления: Москва ул Шкулева д.4 \nАдрес пункта назначения: Москва, Люблинская д.38\nФормат вводимого адреса: населённый пункт (город, посёлок, село, деревня), улица (проспект, проезд), номер дома с указанием корпуса (при наличии): \nПромежуточный пункт: \nАдрес пункта назначения: \nВремя ожидания в промежуточном пункте: 00:00\nКомментарий водителю: 38256731\nВремя подачи такси: 16:15\nАдрес отправки: г.Москва ул Шкулева д.4\nАдрес доставки: Москва, ул Люблинская 38 \nКонтактное лицо: ГУЖОВ АНДРЕЙ АЛЕКСАНДРОВИЧ  8-926-658-84-42\nКонтактная информация перевозимого сотрудника: \nФИО: ГУЖОВ АНДРЕЙ АЛЕКСАНДРОВИЧ  \nМобильный телефон:  7 926 658 84 42\n\nВремя и дата выезда: 15.09.2017 16:15:00',NULL,NULL,1507486786,0,NULL,NULL,1505481300,0,'осц москва/транспорт',NULL,NULL,3,5,'ГУЖОВ АНДРЕЙ АЛЕКСАНДРОВИЧ  ','79266588442','Москва ул Шкулева д.4 ','Москва, Люблинская д.38',NULL,0,1505481300,NULL,NULL,NULL,NULL,NULL,NULL),(134,'SD106061354',2,'Предоставление легкового автомобиля','Шаблон:Предоставление легкового автомобиля\nПредоставление легкового автомобиля\nЦель выезда: Доставка банковских карт\nДата и Время выезда: 15.09.2017 16:10\nПри формировании заявки на  перевозку на текущую дату транспортное средство будет предоставлено только при наличии свободных автомобилей:  \nМаршрут следования: \nАдрес пункта отправления: ул. грекова д.20\nАдрес пункта назначения: ул. Череповецкая, д 20\nФормат вводимого адреса: населённый пункт (город, посёлок, село, деревня), улица (проспект, проезд), номер дома с указанием корпуса (при наличии): \nПромежуточный пункт: \nАдрес пункта назначения: \nВремя ожидания в промежуточном пункте: 00:00\nКомментарий водителю: 38052372\nКонтактная информация перевозимого сотрудника: \nФИО: Василенко виталий\nМобильный телефон:  7 903 572 64 62\n\nВремя и дата выезда: 15.09.2017 16:10:00',NULL,NULL,1507486786,0,NULL,NULL,1505481000,0,'осц москва/транспорт',NULL,NULL,3,5,'Василенко виталий','79035726462','ул. грекова д.20','ул. Череповецкая, д 20',NULL,0,1505481000,NULL,NULL,NULL,NULL,NULL,NULL),(135,'SD106061671',2,'Предоставление легкового автомобиля','Шаблон:Предоставление легкового автомобиля\nПредоставление легкового автомобиля\nЦель выезда: Доставка банковских карт\nДата и Время выезда: 15.09.2017 16:15\nПри формировании заявки на  перевозку на текущую дату транспортное средство будет предоставлено только при наличии свободных автомобилей:  \nМаршрут следования: \nАдрес пункта отправления:  Москва, Шоссейная 53, \nАдрес пункта назначения: Москва, Люблинская д.38\nФормат вводимого адреса: населённый пункт (город, посёлок, село, деревня), улица (проспект, проезд), номер дома с указанием корпуса (при наличии): \nПромежуточный пункт: \nАдрес пункта назначения: \nВремя ожидания в промежуточном пункте: 00:00\nКомментарий водителю: 38259185\nВремя подачи такси: 16:15\nАдрес отправки: Москва, Шоссейная 53,\nАдрес доставки: Москва, ул Люблинская 38 \nКонтактное лицо: ТЮРИНА ВИКТОРИЯ АЛЕКСАНДРОВНА   8-925-374-12-88\nКонтактная информация перевозимого сотрудника: \nФИО: ТЮРИНА ВИКТОРИЯ АЛЕКСАНДРОВНА \nМобильный телефон:  7 925 374 12 88\n\nВремя и дата выезда: 15.09.2017 16:15:00',NULL,NULL,1507486786,0,NULL,NULL,1505481300,0,'осц москва/транспорт',NULL,NULL,3,5,'ТЮРИНА ВИКТОРИЯ АЛЕКСАНДРОВНА ','79253741288',' Москва, Шоссейная 53, ','Москва, Люблинская д.38',NULL,0,1505481300,NULL,NULL,NULL,NULL,NULL,NULL),(136,'SD106061688',2,'Предоставление легкового автомобиля','Шаблон:Предоставление легкового автомобиля\nПредоставление легкового автомобиля\nЦель выезда: Доставка банковских карт\nДата и Время выезда: 15.09.2017 16:15\nПри формировании заявки на  перевозку на текущую дату транспортное средство будет предоставлено только при наличии свободных автомобилей:  \nМаршрут следования: \nАдрес пункта отправления: Москва, ПЕРЕВА 42\nАдрес пункта назначения:  Москва, Люблинская д.38\nФормат вводимого адреса: населённый пункт (город, посёлок, село, деревня), улица (проспект, проезд), номер дома с указанием корпуса (при наличии): \nПромежуточный пункт: \nАдрес пункта назначения: \nВремя ожидания в промежуточном пункте: 00:00\nКомментарий водителю: 38259180\nВремя подачи такси: 16:15\nАдрес отправки: Москва, ПЕРЕВА 42\nАдрес доставки: Москва, ул Люблинская 38 \nКонтактное лицо: ШУВАЛОВА ЕКАТЕРИНА ВАДИМОВНА   8-982-280-66-50\nКонтактная информация перевозимого сотрудника: \nФИО:  ШУВАЛОВА ЕКАТЕРИНА ВАДИМОВНА   \nМобильный телефон:  7 982 280 66 50\n\nВремя и дата выезда: 15.09.2017 16:15:00',NULL,NULL,1507486786,0,NULL,NULL,1505481300,0,'осц москва/транспорт',NULL,NULL,3,5,' ШУВАЛОВА ЕКАТЕРИНА ВАДИМОВНА   ','79822806650','Москва, ПЕРЕВА 42',' Москва, Люблинская д.38',NULL,0,1505481300,NULL,NULL,NULL,NULL,NULL,NULL),(137,'SD106061827',2,'Предоставление легкового автомобиля','Шаблон:Предоставление легкового автомобиля\nПредоставление легкового автомобиля\nЦель выезда: Встречи с клиентами\nДата и Время выезда: 15.09.2017 16:45\nПри формировании заявки на  перевозку на текущую дату транспортное средство будет предоставлено только при наличии свободных автомобилей:  \nМаршрут следования: \nАдрес пункта отправления: Москва, Оружейный переулок д.41\nАдрес пункта назначения: Краснопресненская набережная д. 12 подъезд №4\nФормат вводимого адреса: населённый пункт (город, посёлок, село, деревня), улица (проспект, проезд), номер дома с указанием корпуса (при наличии): \nПромежуточный пункт: \nАдрес пункта назначения: \nВремя ожидания в промежуточном пункте: 00:00\nКомментарий водителю: \nКонтактная информация перевозимого сотрудника: \nФИО: Паршуткина Екатерина Вячеславовна\nМобильный телефон:  7 916 770 22 92\n\nВремя и дата выезда: 15.09.2017 16:45:00',NULL,NULL,1507486786,0,NULL,NULL,1505483100,0,'осц москва/транспорт',NULL,NULL,3,5,'Паршуткина Екатерина Вячеславовна','79167702292','Москва, Оружейный переулок д.41','Краснопресненская набережная д. 12 подъезд №4',NULL,0,1505483100,NULL,NULL,NULL,NULL,NULL,NULL),(138,'SD106062082',2,'Предоставление легкового автомобиля','Шаблон:Предоставление легкового автомобиля\nПредоставление легкового автомобиля\nЦель выезда: Доставка банковских карт\nДата и Время выезда: 15.09.2017 15:40\nПри формировании заявки на  перевозку на текущую дату транспортное средство будет предоставлено только при наличии свободных автомобилей:  \nМаршрут следования: \nАдрес пункта отправления: Можайское шоссе 38 корп.7\nАдрес пункта назначения: Брянская 8\nФормат вводимого адреса: населённый пункт (город, посёлок, село, деревня), улица (проспект, проезд), номер дома с указанием корпуса (при наличии): \nПромежуточный пункт: \nАдрес пункта назначения: \nВремя ожидания в промежуточном пункте: 00:00\nКомментарий водителю: 38262759\nКонтактная информация перевозимого сотрудника: \nФИО: Ивченко Дарья \nМобильный телефон:  8 916 977 60 48\n\nВремя и дата выезда: 15.09.2017 15:40:00',NULL,NULL,1507486786,0,NULL,NULL,1505479200,0,'осц москва/транспорт',NULL,NULL,3,5,'Ивченко Дарья ','89169776048','Можайское шоссе 38 корп.7','Брянская 8',NULL,0,1505479200,NULL,NULL,NULL,NULL,NULL,NULL),(139,'SD106062149',2,'Предоставление легкового автомобиля','Шаблон:Предоставление легкового автомобиля\nПредоставление легкового автомобиля\nЦель выезда: Выезды для участия в коллегиальных органах/рабочих группах\nДата и Время выезда: 15.09.2017 14:15\nПри формировании заявки на  перевозку на текущую дату транспортное средство будет предоставлено только при наличии свободных автомобилей:  \nМаршрут следования: \nАдрес пункта отправления: Оружейный переулок, д.41\nАдрес пункта назначения: ул.Вавилова, д.19\nФормат вводимого адреса: населённый пункт (город, посёлок, село, деревня), улица (проспект, проезд), номер дома с указанием корпуса (при наличии): \nПромежуточный пункт: \nАдрес пункта назначения: \nВремя ожидания в промежуточном пункте: 00:00\nКомментарий водителю: \nКонтактная информация перевозимого сотрудника: \nФИО: Алексеева Мария Владимировна\nМобильный телефон:  7 913 539 84 71\n\nВремя и дата выезда: 15.09.2017 14:15:00',NULL,NULL,1507486786,0,NULL,NULL,1505474100,0,'осц москва/транспорт',NULL,NULL,3,5,'Алексеева Мария Владимировна','79135398471','Оружейный переулок, д.41','ул.Вавилова, д.19',NULL,0,1505474100,NULL,NULL,NULL,NULL,NULL,NULL),(140,'SD106062396',2,'Предоставление легкового автомобиля','Шаблон:Предоставление легкового автомобиля\nПредоставление легкового автомобиля\nЦель выезда: Встречи с клиентами\nДата и Время выезда: 15.09.2017 14:00\nПри формировании заявки на  перевозку на текущую дату транспортное средство будет предоставлено только при наличии свободных автомобилей:  \nМаршрут следования: \nАдрес пункта отправления: Кржижановского 16/1\nАдрес пункта назначения: Вавилова 19\nФормат вводимого адреса: населённый пункт (город, посёлок, село, деревня), улица (проспект, проезд), номер дома с указанием корпуса (при наличии): \nПромежуточный пункт: \nАдрес пункта назначения: \nВремя ожидания в промежуточном пункте: 00:00\nКомментарий водителю: \nКонтактная информация перевозимого сотрудника: \nФИО: Мишин Сергей Юрьевич\nМобильный телефон:  8 916 345 02 76\n\nВремя и дата выезда: 15.09.2017 14:00:00',NULL,NULL,1507486786,0,NULL,NULL,1505473200,0,'осц москва/транспорт',NULL,NULL,3,5,'Мишин Сергей Юрьевич','89163450276','Кржижановского 16/1','Вавилова 19',NULL,0,1505473200,NULL,NULL,NULL,NULL,NULL,NULL),(141,'SD106062555',2,'Предоставление легкового автомобиля','Шаблон:Предоставление легкового автомобиля\nПредоставление легкового автомобиля\nЦель выезда: Доставка банковских карт\nДата и Время выезда: 15.09.2017 15:15\nПри формировании заявки на  перевозку на текущую дату транспортное средство будет предоставлено только при наличии свободных автомобилей:  \nМаршрут следования: \nАдрес пункта отправления: г. Москва, олимпийский проспект, д.14\nАдрес пункта назначения: г москва ул брянская д 8\nФормат вводимого адреса: населённый пункт (город, посёлок, село, деревня), улица (проспект, проезд), номер дома с указанием корпуса (при наличии): \nПромежуточный пункт: \nАдрес пункта назначения: \nВремя ожидания в промежуточном пункте: 00:00\nКомментарий водителю: Номер договора 7730159886\nКонтактная информация перевозимого сотрудника: \nФИО: Цыганков Олег Вячеславович\nМобильный телефон:  8 915 168 46 35\n\nВремя и дата выезда: 15.09.2017 15:15:00',NULL,NULL,1507486786,0,NULL,NULL,1505477700,0,'осц москва/транспорт',NULL,NULL,3,5,'Цыганков Олег Вячеславович','89151684635','г. Москва, олимпийский проспект, д.14','г москва ул брянская д 8',NULL,0,1505477700,NULL,NULL,NULL,NULL,NULL,NULL),(142,'SD106062601',2,'Предоставление легкового автомобиля','Шаблон:Предоставление легкового автомобиля\nПредоставление легкового автомобиля\nЦель выезда: Доставка банковских карт\nДата и Время выезда: 15.09.2017 15:45\nПри формировании заявки на  перевозку на текущую дату транспортное средство будет предоставлено только при наличии свободных автомобилей:  \nМаршрут следования: \nАдрес пункта отправления: г. Москва, ул. Зои и Александра Космодемьянских, д. 19\nАдрес пункта назначения: г. Москва, ул. Брянская 8\nФормат вводимого адреса: населённый пункт (город, посёлок, село, деревня), улица (проспект, проезд), номер дома с указанием корпуса (при наличии): \nПромежуточный пункт: \nАдрес пункта назначения: \nВремя ожидания в промежуточном пункте: 00:00\nКомментарий водителю: \nКонтактная информация перевозимого сотрудника: \nФИО: Старицкая Юлия Владимировна\nМобильный телефон:  7 960 886 48 86\n\nВремя и дата выезда: 15.09.2017 15:45:00',NULL,NULL,1507486786,0,NULL,NULL,1505479500,0,'осц москва/транспорт',NULL,NULL,3,5,'Старицкая Юлия Владимировна','79608864886','г. Москва, ул. Зои и Александра Космодемьянских, д. 19','г. Москва, ул. Брянская 8',NULL,0,1505479500,NULL,NULL,NULL,NULL,NULL,NULL),(143,'SD106063020',2,'Предоставление легкового автомобиля','Шаблон:Предоставление легкового автомобиля\nПредоставление легкового автомобиля\nЦель выезда: Доставка банковских карт\nДата и Время выезда: 15.09.2017 14:15\nПри формировании заявки на  перевозку на текущую дату транспортное средство будет предоставлено только при наличии свободных автомобилей: \nМаршрут следования: \nАдрес пункта отправления: Москва, Зеленоград, 1-й Западный проезд, 8с1\nАдрес пункта назначения: Москва, Зеленоград, 3-й микрорайон, Савёлкинский проезд, 6\nФормат вводимого адреса: населённый пункт (город, посёлок, село, деревня), улица (проспект, проезд), номер дома с указанием корпуса (при наличии): \nПромежуточный пункт: \nАдрес пункта назначения: \nВремя ожидания в промежуточном пункте: \nКомментарий водителю: 38155564\nКонтактная информация перевозимого сотрудника: \nФИО: Стыценко Виктория\nМобильный телефон: 8 926 717 38 78\n\nВремя и дата выезда: 15.09.2017 14:15:00',NULL,NULL,1507486786,0,NULL,NULL,1505474100,0,'осц москва/транспорт',NULL,NULL,3,5,'Стыценко Виктория','89267173878','Москва, Зеленоград, 1-й Западный проезд, 8с1','Москва, Зеленоград, 3-й микрорайон, Савёлкинский проезд, 6',NULL,0,1505474100,NULL,NULL,NULL,NULL,NULL,NULL),(144,'SD106063024',2,'Предоставление легкового автомобиля','Шаблон:Предоставление легкового автомобиля\nПредоставление легкового автомобиля\nЦель выезда: Доставка банковских карт\nДата и Время выезда: 15.09.2017 15:15\nПри формировании заявки на  перевозку на текущую дату транспортное средство будет предоставлено только при наличии свободных автомобилей: \nМаршрут следования: \nАдрес пункта отправления: Москва, Ленинградское шоссе, 94А\nАдрес пункта назначения: Москва, Новослободская улица, 16\nФормат вводимого адреса: населённый пункт (город, посёлок, село, деревня), улица (проспект, проезд), номер дома с указанием корпуса (при наличии): \nПромежуточный пункт: \nАдрес пункта назначения: \nВремя ожидания в промежуточном пункте: \nКомментарий водителю: 38044420\nКонтактная информация перевозимого сотрудника: \nФИО: Козлов  Михаил Александрович\nМобильный телефон: 8 915 392 07 93\n\nВремя и дата выезда: 15.09.2017 15:15:00',NULL,NULL,1507486786,0,NULL,NULL,1505477700,0,'осц москва/транспорт',NULL,NULL,3,5,'Козлов  Михаил Александрович','89153920793','Москва, Ленинградское шоссе, 94А','Москва, Новослободская улица, 16',NULL,0,1505477700,NULL,NULL,NULL,NULL,NULL,NULL),(145,'SD106065774',2,'Предоставление легкового автомобиля','Шаблон:Предоставление легкового автомобиля\nПредоставление легкового автомобиля\nЦель выезда: Гемба\nДата и Время выезда: 15.09.2017 17:20\nПри формировании заявки на  перевозку на текущую дату транспортное средство будет предоставлено только при наличии свободных автомобилей:  \nМаршрут следования: \nАдрес пункта отправления: город Москва, аэропорт Шереметьево\nАдрес пункта назначения: город Москва, Кутузовский проспект, 32/1\nФормат вводимого адреса: населённый пункт (город, посёлок, село, деревня), улица (проспект, проезд), номер дома с указанием корпуса (при наличии): \nПромежуточный пункт: \nАдрес пункта назначения: \nВремя ожидания в промежуточном пункте: 00:00\nКомментарий водителю: Перевозка руководителя в производственных целях\nКонтактная информация перевозимого сотрудника: \nФИО: Ликоренко Яна Александровна\nМобильный телефон:  7 985 922 28 32\n\nВремя и дата выезда: 15.09.2017 17:20:00',NULL,NULL,1507486786,0,NULL,NULL,1505485200,0,'осц москва/транспорт',NULL,NULL,3,5,'Ликоренко Яна Александровна','79859222832','город Москва, аэропорт Шереметьево','город Москва, Кутузовский проспект, 32/1',NULL,0,1505485200,NULL,NULL,NULL,NULL,NULL,NULL),(146,'SD106069589',2,'Предоставление легкового автомобиля','Шаблон:Предоставление легкового автомобиля\nПредоставление легкового автомобиля\nСпасибо.\nЦель выезда: Доставка банковских карт\nДата и Время выезда: 15.09.2017 16:10\nПри формировании заявки на  перевозку на текущую дату транспортное средство будет предоставлено только при наличии свободных автомобилей:  \nМаршрут следования: \nАдрес пункта отправления: ул. Красноказарменная 17\nАдрес пункта назначения: ш энтузиастов 14\nФормат вводимого адреса: населённый пункт (город, посёлок, село, деревня), улица (проспект, проезд), номер дома с указанием корпуса (при наличии): \nПромежуточный пункт: \nАдрес пункта назначения: \nВремя ожидания в промежуточном пункте: 00:00\nКомментарий водителю: 38123680\nКонтактная информация перевозимого сотрудника: \nФИО: корсаков евгений\nМобильный телефон:  8 999 840 03 51\n\nВремя и дата выезда: 15.09.2017 16:10:00',NULL,NULL,1507486786,0,NULL,NULL,1505481000,0,'осц москва/транспорт',NULL,NULL,3,5,'корсаков евгений','89998400351','ул. Красноказарменная 17','ш энтузиастов 14',NULL,0,1505481000,NULL,NULL,NULL,NULL,NULL,NULL),(147,'SD106069632',2,'Предоставление легкового автомобиля','Шаблон:Предоставление легкового автомобиля\nПредоставление легкового автомобиля\nСпасибо.\nЦель выезда: Доставка банковских карт\nДата и Время выезда: 15.09.2017 15:10\nПри формировании заявки на  перевозку на текущую дату транспортное средство будет предоставлено только при наличии свободных автомобилей:  \nМаршрут следования: \nАдрес пункта отправления: полимерная 7а\nАдрес пункта назначения: преображенская площадь 7а стр1\nФормат вводимого адреса: населённый пункт (город, посёлок, село, деревня), улица (проспект, проезд), номер дома с указанием корпуса (при наличии): \nПромежуточный пункт: \nАдрес пункта назначения: \nВремя ожидания в промежуточном пункте: 00:00\nКомментарий водителю: 38294143\nКонтактная информация перевозимого сотрудника: \nФИО: Разоренова ирина 8-905-770-02-91  \nМобильный телефон:  8 905 770 02 91\n\nВремя и дата выезда: 15.09.2017 15:10:00',NULL,NULL,1507486786,0,NULL,NULL,1505477400,0,'осц москва/транспорт',NULL,NULL,3,5,'Разоренова ирина 8-905-770-02-91  ','89057700291','полимерная 7а','преображенская площадь 7а стр1',NULL,0,1505477400,NULL,NULL,NULL,NULL,NULL,NULL),(148,'SD106070124',2,'Предоставление легкового автомобиля','Шаблон:Предоставление легкового автомобиля\nПредоставление легкового автомобиля\nСпасибо.\nЦель выезда: Доставка банковских карт\nДата и Время выезда: 15.09.2017 16:10\nПри формировании заявки на  перевозку на текущую дату транспортное средство будет предоставлено только при наличии свободных автомобилей:  \nМаршрут следования: \nАдрес пункта отправления: Матросская тишина 14\nАдрес пункта назначения: преображенская площадь 7а стр1\nФормат вводимого адреса: населённый пункт (город, посёлок, село, деревня), улица (проспект, проезд), номер дома с указанием корпуса (при наличии): \nПромежуточный пункт: \nАдрес пункта назначения: \nВремя ожидания в промежуточном пункте: 00:00\nКомментарий водителю: 38293451\nКонтактная информация перевозимого сотрудника: \nФИО: Самомбетов Болат 977-586-83-57\nМобильный телефон:  8 977 586 83 57\n\nВремя и дата выезда: 15.09.2017 16:10:00',NULL,NULL,1507486786,0,NULL,NULL,1505481000,0,'осц москва/транспорт',NULL,NULL,3,5,'Самомбетов Болат 977-586-83-57','89775868357','Матросская тишина 14','преображенская площадь 7а стр1',NULL,0,1505481000,NULL,NULL,NULL,NULL,NULL,NULL),(149,'SD106070335',2,'Предоставление легкового автомобиля','Шаблон:Предоставление легкового автомобиля\nПредоставление легкового автомобиля\nСпасибо.\nЦель выезда: Доставка банковских карт\nДата и Время выезда: 15.09.2017 16:10\nПри формировании заявки на  перевозку на текущую дату транспортное средство будет предоставлено только при наличии свободных автомобилей:  \nМаршрут следования: \nАдрес пункта отправления: Щелковское шоссе 82 б\nАдрес пункта назначения: преображенская площадь 7а стр1\nФормат вводимого адреса: населённый пункт (город, посёлок, село, деревня), улица (проспект, проезд), номер дома с указанием корпуса (при наличии): \nПромежуточный пункт: \nАдрес пункта назначения: \nВремя ожидания в промежуточном пункте: 00:00\nКомментарий водителю: 38290802\nКонтактная информация перевозимого сотрудника: \nФИО: Бобрус Татьяна 8-985-306-20-10\nМобильный телефон:  8 985 306 20 10\n\nВремя и дата выезда: 15.09.2017 16:10:00',NULL,NULL,1507486786,0,NULL,NULL,1505481000,0,'осц москва/транспорт',NULL,NULL,3,5,'Бобрус Татьяна 8-985-306-20-10','89853062010','Щелковское шоссе 82 б','преображенская площадь 7а стр1',NULL,0,1505481000,NULL,NULL,NULL,NULL,NULL,NULL),(150,'SD106070679',2,'Предоставление легкового автомобиля','Шаблон:Предоставление легкового автомобиля\nПредоставление легкового автомобиля\nЦель выезда: Доставка банковских карт\nДата и Время выезда: 15.09.2017 15:10\nПри формировании заявки на  перевозку на текущую дату транспортное средство будет предоставлено только при наличии свободных автомобилей:  \nМаршрут следования: \nАдрес пункта отправления: ул. Вишневая, дом 7, стр. 97 \nАдрес пункта назначения: Расплетина д.10, корп. 1, \nФормат вводимого адреса: населённый пункт (город, посёлок, село, деревня), улица (проспект, проезд), номер дома с указанием корпуса (при наличии): \nПромежуточный пункт: \nАдрес пункта назначения: \nВремя ожидания в промежуточном пункте: 00:00\nКомментарий водителю: 00050341\nКонтактная информация перевозимого сотрудника: \nФИО: Королева Дарья\nМобильный телефон:  7 917 320 53 88\n\nВремя и дата выезда: 15.09.2017 15:10:00',NULL,NULL,1507486786,0,NULL,NULL,1505477400,0,'осц москва/транспорт',NULL,NULL,3,5,'Королева Дарья','79173205388','ул. Вишневая, дом 7, стр. 97 ','Расплетина д.10, корп. 1, ',NULL,0,1505477400,NULL,NULL,NULL,NULL,NULL,NULL),(151,'SD106070758',2,'Предоставление легкового автомобиля','Шаблон:Предоставление легкового автомобиля\nПредоставление легкового автомобиля\nЦель выезда: Доставка банковских карт\nДата и Время выезда: 15.09.2017 14:30\nПри формировании заявки на  перевозку на текущую дату транспортное средство будет предоставлено только при наличии свободных автомобилей:  \nМаршрут следования: \nАдрес пункта отправления: ул. Озерная, дом 47, корп. 3 \nАдрес пункта назначения: ул. Большая Грузинская, дом 12\nФормат вводимого адреса: населённый пункт (город, посёлок, село, деревня), улица (проспект, проезд), номер дома с указанием корпуса (при наличии): \nПромежуточный пункт: \nАдрес пункта назначения: \nВремя ожидания в промежуточном пункте: 00:00\nКомментарий водителю: 38173008\nКонтактная информация перевозимого сотрудника: \nФИО: Симонян Анна\nМобильный телефон:  7 918 907 47 77\n\nВремя и дата выезда: 15.09.2017 14:30:00',NULL,NULL,1507486786,0,NULL,NULL,1505475000,0,'осц москва/транспорт',NULL,NULL,3,5,'Симонян Анна','79189074777','ул. Озерная, дом 47, корп. 3 ','ул. Большая Грузинская, дом 12',NULL,0,1505475000,NULL,NULL,NULL,NULL,NULL,NULL),(152,'SD106070910',2,'Предоставление легкового автомобиля','Шаблон:Предоставление легкового автомобиля\nПредоставление легкового автомобиля\nЦель выезда: Доставка банковских карт\nДата и Время выезда: 15.09.2017 15:10\nПри формировании заявки на  перевозку на текущую дату транспортное средство будет предоставлено только при наличии свободных автомобилей:  \nМаршрут следования: \nАдрес пункта отправления: ул. Донская, дом 15/09 \nАдрес пункта назначения: ул. Большая Грузинская, дом 12\nФормат вводимого адреса: населённый пункт (город, посёлок, село, деревня), улица (проспект, проезд), номер дома с указанием корпуса (при наличии): \nПромежуточный пункт: \nАдрес пункта назначения: \nВремя ожидания в промежуточном пункте: 00:00\nКомментарий водителю: 38174411\nКонтактная информация перевозимого сотрудника: \nФИО: Кожин Сергей\nМобильный телефон:  7 985 313 95 76\n\nВремя и дата выезда: 15.09.2017 15:10:00',NULL,NULL,1507486786,0,NULL,NULL,1505477400,0,'осц москва/транспорт',NULL,NULL,3,5,'Кожин Сергей','79853139576','ул. Донская, дом 15/09 ','ул. Большая Грузинская, дом 12',NULL,0,1505477400,NULL,NULL,NULL,NULL,NULL,NULL),(153,'SD106071002',2,'Предоставление легкового автомобиля','Шаблон:Предоставление легкового автомобиля\nПредоставление легкового автомобиля\nЦель выезда: Встречи с клиентами\nДата и Время выезда: 18.09.2017 10:15\nПри формировании заявки на  перевозку на текущую дату транспортное средство будет предоставлено только при наличии свободных автомобилей:  \nМаршрут следования: \nАдрес пункта отправления: г. Москва, ул. Федосьино, д.4корп.1\nАдрес пункта назначения: г. Наро-Фоминск, Москва, ул. Федосьино, д.4корп.1\nФормат вводимого адреса: населённый пункт (город, посёлок, село, деревня), улица (проспект, проезд), номер дома с указанием корпуса (при наличии): \nПромежуточный пункт: \nАдрес пункта назначения: \nВремя ожидания в промежуточном пункте: 00:00\nКомментарий водителю: \nКонтактная информация перевозимого сотрудника: \nФИО: Толмачев Роман Владимирович\nМобильный телефон:  7 916 180 16 78\n\nВремя и дата выезда: 18.09.2017 10:15:00',NULL,NULL,1507486786,0,NULL,NULL,1505718900,0,'осц москва/транспорт',NULL,NULL,3,5,'Толмачев Роман Владимирович','79161801678','г. Москва, ул. Федосьино, д.4корп.1','г. Наро-Фоминск, Москва, ул. Федосьино, д.4корп.1',NULL,0,1505718900,NULL,NULL,NULL,NULL,NULL,NULL),(154,'SD106071340',2,'Предоставление легкового автомобиля','Шаблон:Предоставление легкового автомобиля\nПредоставление легкового автомобиля\nСпасибо.\nЦель выезда: Доставка банковских карт\nДата и Время выезда: 15.09.2017 15:10\nПри формировании заявки на  перевозку на текущую дату транспортное средство будет предоставлено только при наличии свободных автомобилей:  \nМаршрут следования: \nАдрес пункта отправления: Поперечный просек 17\nАдрес пункта назначения: преображенская площадь 7а стр1\nФормат вводимого адреса: населённый пункт (город, посёлок, село, деревня), улица (проспект, проезд), номер дома с указанием корпуса (при наличии): \nПромежуточный пункт: \nАдрес пункта назначения: \nВремя ожидания в промежуточном пункте: 00:00\nКомментарий водителю: 38293489\nКонтактная информация перевозимого сотрудника: \nФИО: Гомелаури Михаил 8965-253-58-18\nМобильный телефон:  8 965 253 58 18\n\nВремя и дата выезда: 15.09.2017 15:10:00',NULL,NULL,1507486786,0,NULL,NULL,1505477400,0,'осц москва/транспорт',NULL,NULL,3,5,'Гомелаури Михаил 8965-253-58-18','89652535818','Поперечный просек 17','преображенская площадь 7а стр1',NULL,0,1505477400,NULL,NULL,NULL,NULL,NULL,NULL),(155,'SD106071462',2,'Предоставление легкового автомобиля','Шаблон:Предоставление легкового автомобиля\nПредоставление легкового автомобиля\nСпасибо.\nЦель выезда: Доставка банковских карт\nДата и Время выезда: 15.09.2017 16:10\nПри формировании заявки на  перевозку на текущую дату транспортное средство будет предоставлено только при наличии свободных автомобилей:  \nМаршрут следования: \nАдрес пункта отправления: БОЛЬШАЯ ЧЕРКИЗОВСКАЯ Д15\nАдрес пункта назначения: преображенская площадь 7а стр1\nФормат вводимого адреса: населённый пункт (город, посёлок, село, деревня), улица (проспект, проезд), номер дома с указанием корпуса (при наличии): \nПромежуточный пункт: \nАдрес пункта назначения: \nВремя ожидания в промежуточном пункте: 00:00\nКомментарий водителю: 38292553\nКонтактная информация перевозимого сотрудника: \nФИО: Умникова Надежда 8-985-895-02-39\nМобильный телефон:  8 985 895 02 39\n\nВремя и дата выезда: 15.09.2017 16:10:00',NULL,NULL,1507486786,0,NULL,NULL,1505481000,0,'осц москва/транспорт',NULL,NULL,3,5,'Умникова Надежда 8-985-895-02-39','89858950239','БОЛЬШАЯ ЧЕРКИЗОВСКАЯ Д15','преображенская площадь 7а стр1',NULL,0,1505481000,NULL,NULL,NULL,NULL,NULL,NULL),(156,'SD106071526',2,'Предоставление легкового автомобиля','Шаблон:Предоставление легкового автомобиля\nПредоставление легкового автомобиля\nСпасибо.\nЦель выезда: Доставка банковских карт\nДата и Время выезда: 15.09.2017 16:10\nПри формировании заявки на  перевозку на текущую дату транспортное средство будет предоставлено только при наличии свободных автомобилей:  \nМаршрут следования: \nАдрес пункта отправления: Краснобоготырская 23 а\nАдрес пункта назначения: преображенская площадь 7а стр1\nФормат вводимого адреса: населённый пункт (город, посёлок, село, деревня), улица (проспект, проезд), номер дома с указанием корпуса (при наличии): \nПромежуточный пункт: \nАдрес пункта назначения: \nВремя ожидания в промежуточном пункте: 00:00\nКомментарий водителю: 38294374\nКонтактная информация перевозимого сотрудника: \nФИО: Писарев Юрий 8-916-914-04-91   \nМобильный телефон:  8 916 914 04 91\n\nВремя и дата выезда: 15.09.2017 16:10:00',NULL,NULL,1507486786,0,NULL,NULL,1505481000,0,'осц москва/транспорт',NULL,NULL,3,5,'Писарев Юрий 8-916-914-04-91   ','89169140491','Краснобоготырская 23 а','преображенская площадь 7а стр1',NULL,0,1505481000,NULL,NULL,NULL,NULL,NULL,NULL),(157,'SD106071668',2,'Предоставление легкового автомобиля','Шаблон:Предоставление легкового автомобиля\nПредоставление легкового автомобиля\nСпасибо.\nЦель выезда: Доставка банковских карт\nДата и Время выезда: 15.09.2017 15:10\nПри формировании заявки на  перевозку на текущую дату транспортное средство будет предоставлено только при наличии свободных автомобилей:  \nМаршрут следования: \nАдрес пункта отправления: г. Москва ул. Б. Дмитровка д 15а\nАдрес пункта назначения: преображенская площадь 7а стр1\nФормат вводимого адреса: населённый пункт (город, посёлок, село, деревня), улица (проспект, проезд), номер дома с указанием корпуса (при наличии): \nПромежуточный пункт: \nАдрес пункта назначения: \nВремя ожидания в промежуточном пункте: 00:00\nКомментарий водителю: 38291085\nКонтактная информация перевозимого сотрудника: \nФИО: Трущенкова Анастасия 8916-638-89-30.\nМобильный телефон:  8 916 638 89 30\n\nВремя и дата выезда: 15.09.2017 15:10:00',NULL,NULL,1507486786,0,NULL,NULL,1505477400,0,'осц москва/транспорт',NULL,NULL,3,5,'Трущенкова Анастасия 8916-638-89-30.','89166388930','г. Москва ул. Б. Дмитровка д 15а','преображенская площадь 7а стр1',NULL,0,1505477400,NULL,NULL,NULL,NULL,NULL,NULL),(158,'SD106072057',2,'Предоставление легкового автомобиля','Шаблон:Предоставление легкового автомобиля\nПредоставление легкового автомобиля\nЦель выезда: Встречи с клиентами\nДата и Время выезда: 15.09.2017 14:00\nПри формировании заявки на  перевозку на текущую дату транспортное средство будет предоставлено только при наличии свободных автомобилей:  \nМаршрут следования: \nАдрес пункта отправления: Москва, Оружейный пер., д. 41, эт. 23 \nАдрес пункта назначения: г. Москва, Варшавское шоссе, д. 46\nФормат вводимого адреса: населённый пункт (город, посёлок, село, деревня), улица (проспект, проезд), номер дома с указанием корпуса (при наличии): \nПромежуточный пункт: \nАдрес пункта назначения: \nВремя ожидания в промежуточном пункте: 00:00\nКомментарий водителю: позвонить по приезду\nКонтактная информация перевозимого сотрудника: \nФИО: Шишкарёва Юлия Александровна\nМобильный телефон:  8 915 205 42 22\n\nВремя и дата выезда: 15.09.2017 14:00:00',NULL,NULL,1507486786,0,NULL,NULL,1505473200,0,'осц москва/транспорт',NULL,NULL,3,5,'Шишкарёва Юлия Александровна','89152054222','Москва, Оружейный пер., д. 41, эт. 23 ','г. Москва, Варшавское шоссе, д. 46',NULL,0,1505473200,NULL,NULL,NULL,NULL,NULL,NULL),(159,'SD106072139',2,'Предоставление легкового автомобиля','Шаблон:Предоставление легкового автомобиля\nПредоставление легкового автомобиля\nСпасибо.\nЦель выезда: Доставка банковских карт\nДата и Время выезда: 15.09.2017 15:10\nПри формировании заявки на  перевозку на текущую дату транспортное средство будет предоставлено только при наличии свободных автомобилей:  \nМаршрут следования: \nАдрес пункта отправления: Поселок Акулово д. 43А\nАдрес пункта назначения: преображенская площадь 7а стр1\nФормат вводимого адреса: населённый пункт (город, посёлок, село, деревня), улица (проспект, проезд), номер дома с указанием корпуса (при наличии): \nПромежуточный пункт: \nАдрес пункта назначения: \nВремя ожидания в промежуточном пункте: 00:00\nКомментарий водителю: 38290620\nКонтактная информация перевозимого сотрудника: \nФИО: Абдрахманов Азат 8968-884-14-96\nМобильный телефон:  8 968 884 14 96\n\nВремя и дата выезда: 15.09.2017 15:10:00',NULL,NULL,1507486786,0,NULL,NULL,1505477400,0,'осц москва/транспорт',NULL,NULL,3,5,'Абдрахманов Азат 8968-884-14-96','89688841496','Поселок Акулово д. 43А','преображенская площадь 7а стр1',NULL,0,1505477400,NULL,NULL,NULL,NULL,NULL,NULL),(160,'SD106072199',2,'Предоставление легкового автомобиля','Шаблон:Предоставление легкового автомобиля\nПредоставление легкового автомобиля\nЦель выезда: Доставка сотрудников в ночное время\nДата и Время выезда: 17.09.2017 02:00\nПри формировании заявки на  перевозку на текущую дату транспортное средство будет предоставлено только при наличии свободных автомобилей:  \nМаршрут следования: \nАдрес пункта отправления: Россия, Москва, 2-ой Южнопортовый проезд, д. 12А, стр.1 \nАдрес пункта назначения: Россия, Московская область, г. Лобня, ул. Батарейная, 6\nФормат вводимого адреса: населённый пункт (город, посёлок, село, деревня), улица (проспект, проезд), номер дома с указанием корпуса (при наличии): \nПромежуточный пункт: \nАдрес пункта назначения: \nВремя ожидания в промежуточном пункте: 00:00\nКомментарий водителю: \nКонтактная информация перевозимого сотрудника: \nФИО: Заиграев Михаил Михайлович\nМобильный телефон:  7 910 461 96 77\n\nВремя и дата выезда: 17.09.2017 02:00:00',NULL,NULL,1507486786,0,NULL,NULL,1505602800,0,'осц москва/транспорт',NULL,NULL,3,5,'Заиграев Михаил Михайлович','79104619677','Россия, Москва, 2-ой Южнопортовый проезд, д. 12А, стр.1 ','Россия, Московская область, г. Лобня, ул. Батарейная, 6',NULL,0,1505602800,NULL,NULL,NULL,NULL,NULL,NULL),(161,'SD106073155',2,'Предоставление легкового автомобиля','Шаблон:Предоставление легкового автомобиля\nПредоставление легкового автомобиля\nЦель выезда: Встречи с клиентами\nДата и Время выезда: 15.09.2017 15:55\nПри формировании заявки на  перевозку на текущую дату транспортное средство будет предоставлено только при наличии свободных автомобилей:  \nМаршрут следования: \nАдрес пункта отправления: Москва, Варшавское шоссе, д.46\nАдрес пункта назначения: Москва, Оружейный пер., д. 41, эт. 23\nФормат вводимого адреса: населённый пункт (город, посёлок, село, деревня), улица (проспект, проезд), номер дома с указанием корпуса (при наличии): \nПромежуточный пункт: \nАдрес пункта назначения: \nВремя ожидания в промежуточном пункте: 00:00\nКомментарий водителю: позвонить по приезду\nКонтактная информация перевозимого сотрудника: \nФИО: Шишкарёва Юлия Александровна\nМобильный телефон:  8 915 205 42 22\n\nВремя и дата выезда: 15.09.2017 15:55:00',NULL,NULL,1507486786,0,NULL,NULL,1505480100,0,'осц москва/транспорт',NULL,NULL,3,5,'Шишкарёва Юлия Александровна','89152054222','Москва, Варшавское шоссе, д.46','Москва, Оружейный пер., д. 41, эт. 23',NULL,0,1505480100,NULL,NULL,NULL,NULL,NULL,NULL),(162,'SD106073887',2,'Предоставление легкового автомобиля','Шаблон:Предоставление легкового автомобиля\nПредоставление легкового автомобиля\nЦель выезда: Доставка банковских карт\nДата и Время выезда: 18.09.2017 09:20\nПри формировании заявки на  перевозку на текущую дату транспортное средство будет предоставлено только при наличии свободных автомобилей:  \nМаршрут следования: \nАдрес пункта отправления: г. Москва, ш. Энтузиастов, д. 14, каб 325\nАдрес пункта назначения: ул. Зубовская, д. 2   \nФормат вводимого адреса: населённый пункт (город, посёлок, село, деревня), улица (проспект, проезд), номер дома с указанием корпуса (при наличии): \nПромежуточный пункт: \nАдрес пункта назначения: \nВремя ожидания в промежуточном пункте: 00:00\nКомментарий водителю: 38125859\nКонтактная информация перевозимого сотрудника: \nФИО: Суворова Елизавета 89065553552\nМобильный телефон:  7 906 555 35 52\n\nВремя и дата выезда: 18.09.2017 09:20:00',NULL,NULL,1507486786,0,NULL,NULL,1505715600,0,'осц москва/транспорт',NULL,NULL,3,5,'Суворова Елизавета 89065553552','79065553552','г. Москва, ш. Энтузиастов, д. 14, каб 325','ул. Зубовская, д. 2   ',NULL,0,1505715600,NULL,NULL,NULL,NULL,NULL,NULL),(163,'SD106073905',2,'Предоставление легкового автомобиля','Шаблон:Предоставление легкового автомобиля\nПредоставление легкового автомобиля\nЦель выезда: Доставка банковских карт\nДата и Время выезда: 18.09.2017 11:00\nПри формировании заявки на  перевозку на текущую дату транспортное средство будет предоставлено только при наличии свободных автомобилей:  \nМаршрут следования: \nАдрес пункта отправления: ул. Зубовская, д. 2     \nАдрес пункта назначения: г. Москва, ш. Энтузиастов, д. 14, каб 325\nФормат вводимого адреса: населённый пункт (город, посёлок, село, деревня), улица (проспект, проезд), номер дома с указанием корпуса (при наличии): \nПромежуточный пункт: \nАдрес пункта назначения: \nВремя ожидания в промежуточном пункте: 00:00\nКомментарий водителю: 38125859\nКонтактная информация перевозимого сотрудника: \nФИО: Суворова Елизавета 89065553552\nМобильный телефон:  7 906 555 35 52\n\nВремя и дата выезда: 18.09.2017 11:00:00',NULL,NULL,1507486786,0,NULL,NULL,1505721600,0,'осц москва/транспорт',NULL,NULL,3,5,'Суворова Елизавета 89065553552','79065553552','ул. Зубовская, д. 2     ','г. Москва, ш. Энтузиастов, д. 14, каб 325',NULL,0,1505721600,NULL,NULL,NULL,NULL,NULL,NULL),(164,'SD106074169',2,'Предоставление легкового автомобиля','Шаблон:Предоставление легкового автомобиля\nПредоставление легкового автомобиля\nЦель выезда: Доставка банковских карт\nДата и Время выезда: 18.09.2017 08:50\nПри формировании заявки на  перевозку на текущую дату транспортное средство будет предоставлено только при наличии свободных автомобилей:  \nМаршрут следования: \nАдрес пункта отправления: г. Москва, ш. Энтузиастов, д. 14, каб 325\nАдрес пункта назначения: ул. Федеративный пр-кт а                        \nФормат вводимого адреса: населённый пункт (город, посёлок, село, деревня), улица (проспект, проезд), номер дома с указанием корпуса (при наличии): \nПромежуточный пункт: \nАдрес пункта назначения: \nВремя ожидания в промежуточном пункте: 00:00\nКомментарий водителю: 38122153\nКонтактная информация перевозимого сотрудника: \nФИО: Мазанов Шамиль  89684488382\nМобильный телефон:  7 968 448 83 82\n\nВремя и дата выезда: 18.09.2017 08:50:00',NULL,NULL,1507486786,0,NULL,NULL,1505713800,0,'осц москва/транспорт',NULL,NULL,3,5,'Мазанов Шамиль  89684488382','79684488382','г. Москва, ш. Энтузиастов, д. 14, каб 325','ул. Федеративный пр-кт а                        ',NULL,0,1505713800,NULL,NULL,NULL,NULL,NULL,NULL),(165,'SD106074243',2,'Предоставление легкового автомобиля','Шаблон:Предоставление легкового автомобиля\nПредоставление легкового автомобиля\nЦель выезда: Доставка банковских карт\nДата и Время выезда: 15.09.2017 15:00\nПри формировании заявки на  перевозку на текущую дату транспортное средство будет предоставлено только при наличии свободных автомобилей:  \nМаршрут следования: \nАдрес пункта отправления: Большой Кисловский переулок, дом 13 \nАдрес пункта назначения: ул. Большая Грузинская, дом 12\nФормат вводимого адреса: населённый пункт (город, посёлок, село, деревня), улица (проспект, проезд), номер дома с указанием корпуса (при наличии): \nПромежуточный пункт: \nАдрес пункта назначения: \nВремя ожидания в промежуточном пункте: 00:00\nКомментарий водителю: 38170024\nКонтактная информация перевозимого сотрудника: \nФИО: Архипенко Алексей\nМобильный телефон:  7 929 667 34 04\n\nВремя и дата выезда: 15.09.2017 15:00:00',NULL,NULL,1507486786,0,NULL,NULL,1505476800,0,'осц москва/транспорт',NULL,NULL,3,5,'Архипенко Алексей','79296673404','Большой Кисловский переулок, дом 13 ','ул. Большая Грузинская, дом 12',NULL,0,1505476800,NULL,NULL,NULL,NULL,NULL,NULL),(166,'SD106074284',2,'Предоставление легкового автомобиля','Шаблон:Предоставление легкового автомобиля\nПредоставление легкового автомобиля\nЦель выезда: Доставка банковских карт\nДата и Время выезда: 18.09.2017 09:25\nПри формировании заявки на  перевозку на текущую дату транспортное средство будет предоставлено только при наличии свободных автомобилей:  \nМаршрут следования: \nАдрес пункта отправления: г. Москва, ш. Энтузиастов, д. 14, каб 325\nАдрес пункта назначения: ул. Госпитальная пл., д.3\nФормат вводимого адреса: населённый пункт (город, посёлок, село, деревня), улица (проспект, проезд), номер дома с указанием корпуса (при наличии): \nПромежуточный пункт: \nАдрес пункта назначения: \nВремя ожидания в промежуточном пункте: 00:00\nКомментарий водителю: 38121292\nКонтактная информация перевозимого сотрудника: \nФИО: Волковская Софья  89647850525\nМобильный телефон:  7 964 785 05 25\n\nВремя и дата выезда: 18.09.2017 09:25:00',NULL,NULL,1507486786,0,NULL,NULL,1505715900,0,'осц москва/транспорт',NULL,NULL,3,5,'Волковская Софья  89647850525','79647850525','г. Москва, ш. Энтузиастов, д. 14, каб 325','ул. Госпитальная пл., д.3',NULL,0,1505715900,NULL,NULL,NULL,NULL,NULL,NULL),(167,'SD106074299',2,'Предоставление легкового автомобиля','Шаблон:Предоставление легкового автомобиля\nПредоставление легкового автомобиля\nЦель выезда: Доставка банковских карт\nДата и Время выезда: 18.09.2017 16:00\nПри формировании заявки на  перевозку на текущую дату транспортное средство будет предоставлено только при наличии свободных автомобилей:  \nМаршрут следования: \nАдрес пункта отправления: ул. Госпитальная пл., д.3\nАдрес пункта назначения: г. Москва, ш. Энтузиастов, д. 14, каб 325\nФормат вводимого адреса: населённый пункт (город, посёлок, село, деревня), улица (проспект, проезд), номер дома с указанием корпуса (при наличии): \nПромежуточный пункт: \nАдрес пункта назначения: \nВремя ожидания в промежуточном пункте: 00:00\nКомментарий водителю: 38121292\nКонтактная информация перевозимого сотрудника: \nФИО: Волковская Софья  89647850525\nМобильный телефон:  7 964 785 05 25\n\nВремя и дата выезда: 18.09.2017 16:00:00',NULL,NULL,1507486786,0,NULL,NULL,1505739600,0,'осц москва/транспорт',NULL,NULL,3,5,'Волковская Софья  89647850525','79647850525','ул. Госпитальная пл., д.3','г. Москва, ш. Энтузиастов, д. 14, каб 325',NULL,0,1505739600,NULL,NULL,NULL,NULL,NULL,NULL),(168,'SD106074341',2,'Предоставление легкового автомобиля','Шаблон:Предоставление легкового автомобиля\nПредоставление легкового автомобиля\nЦель выезда: Доставка банковских карт\nДата и Время выезда: 18.09.2017 16:30\nПри формировании заявки на  перевозку на текущую дату транспортное средство будет предоставлено только при наличии свободных автомобилей:  \nМаршрут следования: \nАдрес пункта отправления: ул. Федеративный пр-кт а           \nАдрес пункта назначения: г. Москва, ш. Энтузиастов, д. 14, каб 325\nФормат вводимого адреса: населённый пункт (город, посёлок, село, деревня), улица (проспект, проезд), номер дома с указанием корпуса (при наличии): \nПромежуточный пункт: \nАдрес пункта назначения:  ул. Новокосинская 31/45\nВремя ожидания в промежуточном пункте: 00:10\nКомментарий водителю: 38122153\nКонтактная информация перевозимого сотрудника: \nФИО: Мазанов Шамиль  89684488382\nМобильный телефон:  7 968 448 83 82\n\nВремя и дата выезда: 18.09.2017 16:30:00',NULL,NULL,1507486786,0,NULL,NULL,1505741400,0,'осц москва/транспорт',NULL,NULL,3,5,'Мазанов Шамиль  89684488382','79684488382','ул. Федеративный пр-кт а           ','г. Москва, ш. Энтузиастов, д. 14, каб 325',NULL,0,1505741400,NULL,NULL,NULL,NULL,NULL,NULL),(169,'SD106075113',2,'Предоставление легкового автомобиля','Шаблон:Предоставление легкового автомобиля\nПредоставление легкового автомобиля\nС Уважением,\nСтарший специалист Центр залоговой экспертизы Отдел залог.экспертизы по сделкам КС ММБ Центр региональной залоговой экспертизы № 6\nАстаев Алексей\nЦель выезда: Проведение проверки залогов\nДата и Время выезда: 15.09.2017 11:15\nПри формировании заявки на  перевозку на текущую дату транспортное средство будет предоставлено только при наличии свободных автомобилей:  \nМаршрут следования: \nАдрес пункта отправления: Москва, Оружейный пер. д. 41\nАдрес пункта назначения: Московская область, Одинцовский район, д.Жуковка, д.103, д.101-1, дом.103, дом 105→ Московская область, Одинцовский район, с.п. Назарьевское, дер. Молоденово  → Московская область, Мытищинский район, городское поселение Мытищи, северо-восточнее дер. Беляниново, ДНП Военнослужащий, уч. 92→ г. Москва, ул. Долгоруковская, д. 2\nФормат вводимого адреса: населённый пункт (город, посёлок, село, деревня), улица (проспект, проезд), номер дома с указанием корпуса (при наличии): \nПромежуточный пункт: \nАдрес пункта назначения: Московская область, Одинцовский район, д.Жуковка, д.103, д.101-1, дом.103, дом 105\nВремя ожидания в промежуточном пункте: 00:15\nПромежуточный пункт: \nАдрес пункта назначения: Московская область, Одинцовский район, с.п. Назарьевское, дер. Молоденово \nВремя ожидания в промежуточном пункте: 00:15\nПромежуточный пункт: \nАдрес пункта назначения: Московская область, Мытищинский район, городское поселение Мытищи, северо-восточнее дер. Беляниново, ДНП Военнослужащий, уч. 92\nВремя ожидания в промежуточном пункте: 00:15\nКомментарий водителю: \nКонтактная информация перевозимого сотрудника: \nФИО: Астаев Алексей Александрович\nМобильный телефон:  7 903 222 61 10\n\nВремя и дата выезда: 15.09.2017 11:15:00',NULL,NULL,1507486786,0,NULL,NULL,1505463300,0,'осц москва/транспорт',NULL,NULL,3,5,'Астаев Алексей Александрович','79032226110','Москва, Оружейный пер. д. 41','Московская область, Одинцовский район, д.Жуковка, д.103, д.101-1, дом.103, дом 105→ Московская область, Одинцовский район, с.п. Назарьевское, дер. Молоденово  → Московская область, Мытищинский район, городское поселение Мытищи, северо-восточнее дер. Беляниново, ДНП Военнослужащий, уч. 92→ г. Москва, ул. Долгоруковская, д. 2',NULL,0,1505463300,NULL,NULL,NULL,NULL,NULL,NULL),(170,'SD106075658',2,'Предоставление легкового автомобиля','Шаблон:Предоставление легкового автомобиля\nПредоставление легкового автомобиля\nЦель выезда: Встречи с клиентами\nДата и Время выезда: 15.09.2017 12:45\nПри формировании заявки на  перевозку на текущую дату транспортное средство будет предоставлено только при наличии свободных автомобилей:  \nМаршрут следования: \nАдрес пункта отправления: ул. Вавилова, 23с1.\nАдрес пункта назначения: ул. Вавилова, 23с1.\nФормат вводимого адреса: населённый пункт (город, посёлок, село, деревня), улица (проспект, проезд), номер дома с указанием корпуса (при наличии): \nПромежуточный пункт: \nАдрес пункта назначения: Пролетарский пр-т, д.8к2с3\nВремя ожидания в промежуточном пункте: 00:15\nПромежуточный пункт: \nАдрес пункта назначения: ул. Касимовская, д.23\nВремя ожидания в промежуточном пункте: 00:15\nКомментарий водителю: маршрут с возвращением к пункту отправления. \n1й адрес - Пролетарский пр-т, 2й - Касимовская ул.\nКонтактная информация перевозимого сотрудника: \nФИО: Давыдов Алексей Владимирович\nМобильный телефон:  7 926 256 82 92\n\nВремя и дата выезда: 15.09.2017 12:45:00',NULL,NULL,1507486786,0,NULL,NULL,1505468700,0,'осц москва/транспорт',NULL,NULL,3,5,'Давыдов Алексей Владимирович','79262568292','ул. Вавилова, 23с1.','ул. Вавилова, 23с1.',NULL,0,1505468700,NULL,NULL,NULL,NULL,NULL,NULL),(171,'SD106077357',2,'Предоставление легкового автомобиля','Шаблон:Предоставление легкового автомобиля\nПредоставление легкового автомобиля\nЦель выезда: Доставка банковских карт\nДата и Время выезда: 18.09.2017 16:00\nПри формировании заявки на  перевозку на текущую дату транспортное средство будет предоставлено только при наличии свободных автомобилей:  \nМаршрут следования: \nАдрес пункта отправления: ул. Николоямская, д. 20, стр.1\nАдрес пункта назначения: г. Москва, ш. Энтузиастов, д. 14, каб 325\nФормат вводимого адреса: населённый пункт (город, посёлок, село, деревня), улица (проспект, проезд), номер дома с указанием корпуса (при наличии): \nПромежуточный пункт: \nАдрес пункта назначения: \nВремя ожидания в промежуточном пункте: 00:00\nКомментарий водителю: 38124135\nКонтактная информация перевозимого сотрудника: \nФИО: Ациев Рабадан   8-999-800-59-42\nМобильный телефон:  7 999 800 59 42\n\nВремя и дата выезда: 18.09.2017 16:00:00',NULL,NULL,1507486786,0,NULL,NULL,1505739600,0,'осц москва/транспорт',NULL,NULL,3,5,'Ациев Рабадан   8-999-800-59-42','79998005942','ул. Николоямская, д. 20, стр.1','г. Москва, ш. Энтузиастов, д. 14, каб 325',NULL,0,1505739600,NULL,NULL,NULL,NULL,NULL,NULL),(172,'SD106077374',2,'Предоставление легкового автомобиля','Шаблон:Предоставление легкового автомобиля\nПредоставление легкового автомобиля\nЦель выезда: Доставка банковских карт\nДата и Время выезда: 18.09.2017 09:05\nПри формировании заявки на  перевозку на текущую дату транспортное средство будет предоставлено только при наличии свободных автомобилей:  \nМаршрут следования: \nАдрес пункта отправления: г. Москва, ш. Энтузиастов, д. 14, каб 325\nАдрес пункта назначения: ул. Мондагуловой 5а\nФормат вводимого адреса: населённый пункт (город, посёлок, село, деревня), улица (проспект, проезд), номер дома с указанием корпуса (при наличии): \nПромежуточный пункт: \nАдрес пункта назначения: \nВремя ожидания в промежуточном пункте: 00:00\nКомментарий водителю: 38122536\nКонтактная информация перевозимого сотрудника: \nФИО: Раманова Ольга 9169686861\nМобильный телефон:  7 916 968 68 61\n\nВремя и дата выезда: 18.09.2017 09:05:00',NULL,NULL,1507486786,0,NULL,NULL,1505714700,0,'осц москва/транспорт',NULL,NULL,3,5,'Раманова Ольга 9169686861','79169686861','г. Москва, ш. Энтузиастов, д. 14, каб 325','ул. Мондагуловой 5а',NULL,0,1505714700,NULL,NULL,NULL,NULL,NULL,NULL),(173,'SD106077394',2,'Предоставление легкового автомобиля','Шаблон:Предоставление легкового автомобиля\nПредоставление легкового автомобиля\nЦель выезда: Доставка банковских карт\nДата и Время выезда: 18.09.2017 16:00\nПри формировании заявки на  перевозку на текущую дату транспортное средство будет предоставлено только при наличии свободных автомобилей:  \nМаршрут следования: \nАдрес пункта отправления: ул. Мондагуловой 5а\nАдрес пункта назначения: г. Москва, ш. Энтузиастов, д. 14, каб 325\nФормат вводимого адреса: населённый пункт (город, посёлок, село, деревня), улица (проспект, проезд), номер дома с указанием корпуса (при наличии): \nПромежуточный пункт: \nАдрес пункта назначения: \nВремя ожидания в промежуточном пункте: 00:00\nКомментарий водителю: 38122536\nКонтактная информация перевозимого сотрудника: \nФИО: Раманова Ольга 9169686861\nМобильный телефон:  7 916 968 68 61\n\nВремя и дата выезда: 18.09.2017 16:00:00',NULL,NULL,1507486786,0,NULL,NULL,1505739600,0,'осц москва/транспорт',NULL,NULL,3,5,'Раманова Ольга 9169686861','79169686861','ул. Мондагуловой 5а','г. Москва, ш. Энтузиастов, д. 14, каб 325',NULL,0,1505739600,NULL,NULL,NULL,NULL,NULL,NULL),(174,'SD106077395',2,'Предоставление легкового автомобиля','Шаблон:Предоставление легкового автомобиля\nПредоставление легкового автомобиля\nС уважением,\nГурова Любовь\nАдминистратор VIP\nТел. (495)747-73-10\nВн. 39-767\nОперационное управление\nМосковского банка \nПАО Сбербанк\nг. Москва, ул. Вавилова, 19\nЦель выезда: Встречи с клиентами\nДата и Время выезда: 15.09.2017 14:45\nПри формировании заявки на  перевозку на текущую дату транспортное средство будет предоставлено только при наличии свободных автомобилей:  \nМаршрут следования: \nАдрес пункта отправления: ул. Вавилова, д. 19\nАдрес пункта назначения: Ленинский проспект д.64\nФормат вводимого адреса: населённый пункт (город, посёлок, село, деревня), улица (проспект, проезд), номер дома с указанием корпуса (при наличии): \nПромежуточный пункт: \nАдрес пункта назначения: \nВремя ожидания в промежуточном пункте: 00:00\nКомментарий водителю: \nКонтактная информация перевозимого сотрудника: \nФИО: Докина Екатерина Викторовна\nМобильный телефон:  7 903 144 07 48\n\nВремя и дата выезда: 15.09.2017 14:45:00',NULL,NULL,1507486786,0,NULL,NULL,1505475900,0,'осц москва/транспорт',NULL,NULL,3,5,'Докина Екатерина Викторовна','79031440748','ул. Вавилова, д. 19','Ленинский проспект д.64',NULL,0,1505475900,NULL,NULL,NULL,NULL,NULL,NULL),(175,'SD106077414',2,'Предоставление легкового автомобиля','Шаблон:Предоставление легкового автомобиля\nПредоставление легкового автомобиля\nЦель выезда: Встречи с клиентами\nДата и Время выезда: 18.09.2017 15:00\nПри формировании заявки на  перевозку на текущую дату транспортное средство будет предоставлено только при наличии свободных автомобилей:  \nМаршрут следования: \nАдрес пункта отправления: 1й Красногвардейский проезд 15\nАдрес пункта назначения: Вавилова 19\nФормат вводимого адреса: населённый пункт (город, посёлок, село, деревня), улица (проспект, проезд), номер дома с указанием корпуса (при наличии): \nПромежуточный пункт: \nАдрес пункта назначения: \nВремя ожидания в промежуточном пункте: 00:00\nКомментарий водителю: \nКонтактная информация перевозимого сотрудника: \nФИО: Гончаренко Александра Андреевна\nМобильный телефон:  8 916 795 10 45\n\nВремя и дата выезда: 18.09.2017 15:00:00',NULL,NULL,1507486786,0,NULL,NULL,1505736000,0,'осц москва/транспорт',NULL,NULL,3,5,'Гончаренко Александра Андреевна','89167951045','1й Красногвардейский проезд 15','Вавилова 19',NULL,0,1505736000,NULL,NULL,NULL,NULL,NULL,NULL),(176,'SD106077680',2,'Предоставление легкового автомобиля','Шаблон:Предоставление легкового автомобиля\nПредоставление легкового автомобиля\nЦель выезда: Доставка банковских карт\nДата и Время выезда: 18.09.2017 09:30\nПри формировании заявки на  перевозку на текущую дату транспортное средство будет предоставлено только при наличии свободных автомобилей:  \nМаршрут следования: \nАдрес пункта отправления: г. Москва, ш. Энтузиастов, д. 14, каб 325\nАдрес пункта назначения: ул. Авиамоторная , 8А \nФормат вводимого адреса: населённый пункт (город, посёлок, село, деревня), улица (проспект, проезд), номер дома с указанием корпуса (при наличии): \nПромежуточный пункт: \nАдрес пункта назначения: \nВремя ожидания в промежуточном пункте: 00:00\nКомментарий водителю: 38121058\nКонтактная информация перевозимого сотрудника: \nФИО: Наимова Анита 8-977-556-99-01     \nМобильный телефон:  7 977 556 99 01\n\nВремя и дата выезда: 18.09.2017 09:30:00',NULL,NULL,1507486786,0,NULL,NULL,1505716200,0,'осц москва/транспорт',NULL,NULL,3,5,'Наимова Анита 8-977-556-99-01     ','79775569901','г. Москва, ш. Энтузиастов, д. 14, каб 325','ул. Авиамоторная , 8А ',NULL,0,1505716200,NULL,NULL,NULL,NULL,NULL,NULL),(177,'SD106077693',2,'Предоставление легкового автомобиля','Шаблон:Предоставление легкового автомобиля\nПредоставление легкового автомобиля\nЦель выезда: Доставка банковских карт\nДата и Время выезда: 18.09.2017 16:15\nПри формировании заявки на  перевозку на текущую дату транспортное средство будет предоставлено только при наличии свободных автомобилей:  \nМаршрут следования: \nАдрес пункта отправления: ул. Авиамоторная , 8А \nАдрес пункта назначения: г. Москва, ш. Энтузиастов, д. 14, каб 325\nФормат вводимого адреса: населённый пункт (город, посёлок, село, деревня), улица (проспект, проезд), номер дома с указанием корпуса (при наличии): \nПромежуточный пункт: \nАдрес пункта назначения: \nВремя ожидания в промежуточном пункте: 00:00\nКомментарий водителю: 38121058\nКонтактная информация перевозимого сотрудника: \nФИО: Наимова Анита 8-977-556-99-01   \nМобильный телефон:  7 977 556 99 01\n\nВремя и дата выезда: 18.09.2017 16:15:00',NULL,NULL,1507486786,0,NULL,NULL,1505740500,0,'осц москва/транспорт',NULL,NULL,3,5,'Наимова Анита 8-977-556-99-01   ','79775569901','ул. Авиамоторная , 8А ','г. Москва, ш. Энтузиастов, д. 14, каб 325',NULL,0,1505740500,NULL,NULL,NULL,NULL,NULL,NULL),(178,'SD106077721',2,'Предоставление легкового автомобиля','Шаблон:Предоставление легкового автомобиля\nПредоставление легкового автомобиля\nЦель выезда: Доставка банковских карт\nДата и Время выезда: 18.09.2017 09:00\nПри формировании заявки на  перевозку на текущую дату транспортное средство будет предоставлено только при наличии свободных автомобилей:  \nМаршрут следования: \nАдрес пункта отправления: г. Москва, ш. Энтузиастов, д. 14, каб 325\nАдрес пункта назначения: ул. Николоямская, д. 20, стр.1\nФормат вводимого адреса: населённый пункт (город, посёлок, село, деревня), улица (проспект, проезд), номер дома с указанием корпуса (при наличии): \nПромежуточный пункт: \nАдрес пункта назначения: \nВремя ожидания в промежуточном пункте: 00:00\nКомментарий водителю: 38124135\nКонтактная информация перевозимого сотрудника: \nФИО: Ациев Рабадан   8-999-800-59-42\nМобильный телефон:  7 999 800 59 42\n\nВремя и дата выезда: 18.09.2017 09:00:00',NULL,NULL,1507486786,0,NULL,NULL,1505714400,0,'осц москва/транспорт',NULL,NULL,3,5,'Ациев Рабадан   8-999-800-59-42','79998005942','г. Москва, ш. Энтузиастов, д. 14, каб 325','ул. Николоямская, д. 20, стр.1',NULL,0,1505714400,NULL,NULL,NULL,NULL,NULL,NULL),(179,'SD106077772',2,'Предоставление легкового автомобиля','Шаблон:Предоставление легкового автомобиля\nПредоставление легкового автомобиля\nЦель выезда: Встречи с клиентами\nДата и Время выезда: 18.09.2017 13:15\nПри формировании заявки на  перевозку на текущую дату транспортное средство будет предоставлено только при наличии свободных автомобилей:  \nМаршрут следования: \nАдрес пункта отправления: Вавилова 19\nАдрес пункта назначения: 1й Красногвардейский проезд 15\nФормат вводимого адреса: населённый пункт (город, посёлок, село, деревня), улица (проспект, проезд), номер дома с указанием корпуса (при наличии): \nПромежуточный пункт: \nАдрес пункта назначения: \nВремя ожидания в промежуточном пункте: 00:00\nКомментарий водителю: \nКонтактная информация перевозимого сотрудника: \nФИО: Гончаренко Александра Андреевна\nМобильный телефон:  8 916 795 10 45\n\nВремя и дата выезда: 18.09.2017 13:15:00',NULL,NULL,1507486786,0,NULL,NULL,1505729700,0,'осц москва/транспорт',NULL,NULL,3,5,'Гончаренко Александра Андреевна','89167951045','Вавилова 19','1й Красногвардейский проезд 15',NULL,0,1505729700,NULL,NULL,NULL,NULL,NULL,NULL),(180,'SD106077798',2,'Предоставление легкового автомобиля','Шаблон:Предоставление легкового автомобиля\nПредоставление легкового автомобиля\nЦель выезда: Доставка банковских карт\nДата и Время выезда: 18.09.2017 16:00\nПри формировании заявки на  перевозку на текущую дату транспортное средство будет предоставлено только при наличии свободных автомобилей:  \nМаршрут следования: \nАдрес пункта отправления: ул. 1-Я ТВЕРСКАЯ ЯМСКАЯ 3   \nАдрес пункта назначения: г. Москва, ш. Энтузиастов, д. 14, каб 325\nФормат вводимого адреса: населённый пункт (город, посёлок, село, деревня), улица (проспект, проезд), номер дома с указанием корпуса (при наличии): \nПромежуточный пункт: \nАдрес пункта назначения: \nВремя ожидания в промежуточном пункте: 00:00\nКомментарий водителю: 38362829\nКонтактная информация перевозимого сотрудника: \nФИО: Тисленко Татьяна  8-916-780-67-52\nМобильный телефон:  7 916 780 67 52\n\nВремя и дата выезда: 18.09.2017 16:00:00',NULL,NULL,1507486786,0,NULL,NULL,1505739600,0,'осц москва/транспорт',NULL,NULL,3,5,'Тисленко Татьяна  8-916-780-67-52','79167806752','ул. 1-Я ТВЕРСКАЯ ЯМСКАЯ 3   ','г. Москва, ш. Энтузиастов, д. 14, каб 325',NULL,0,1505739600,NULL,NULL,NULL,NULL,NULL,NULL),(181,'SD106077831',2,'Предоставление легкового автомобиля','Шаблон:Предоставление легкового автомобиля\nПредоставление легкового автомобиля\nЦель выезда: Доставка банковских карт\nДата и Время выезда: 18.09.2017 16:30\nПри формировании заявки на  перевозку на текущую дату транспортное средство будет предоставлено только при наличии свободных автомобилей:  \nМаршрут следования: \nАдрес пункта отправления: ул. Красноказарменная улица, 14А корпус 1\nАдрес пункта назначения: г. Москва, ш. Энтузиастов, д. 14, каб 325\nФормат вводимого адреса: населённый пункт (город, посёлок, село, деревня), улица (проспект, проезд), номер дома с указанием корпуса (при наличии): \nПромежуточный пункт: \nАдрес пункта назначения: \nВремя ожидания в промежуточном пункте: 00:00\nКомментарий водителю: 38164555\nКонтактная информация перевозимого сотрудника: \nФИО: Бабаева Саида 8-965-357-58-45\nМобильный телефон:  7 965 357 58 45\n\nВремя и дата выезда: 18.09.2017 16:30:00',NULL,NULL,1507486786,0,NULL,NULL,1505741400,0,'осц москва/транспорт',NULL,NULL,3,5,'Бабаева Саида 8-965-357-58-45','79653575845','ул. Красноказарменная улица, 14А корпус 1','г. Москва, ш. Энтузиастов, д. 14, каб 325',NULL,0,1505741400,NULL,NULL,NULL,NULL,NULL,NULL),(182,'SD106077942',2,'Предоставление легкового автомобиля','Шаблон:Предоставление легкового автомобиля\nПредоставление легкового автомобиля\nЦель выезда: Доставка банковских карт\nДата и Время выезда: 18.09.2017 09:00\nПри формировании заявки на  перевозку на текущую дату транспортное средство будет предоставлено только при наличии свободных автомобилей:  \nМаршрут следования: \nАдрес пункта отправления: г. Москва, ш. Энтузиастов, д. 14, каб 325\nАдрес пункта назначения: ул. 1-Я ТВЕРСКАЯ ЯМСКАЯ 3   \nФормат вводимого адреса: населённый пункт (город, посёлок, село, деревня), улица (проспект, проезд), номер дома с указанием корпуса (при наличии): \nПромежуточный пункт: \nАдрес пункта назначения: \nВремя ожидания в промежуточном пункте: 00:00\nКомментарий водителю: 38362829\nКонтактная информация перевозимого сотрудника: \nФИО: Тисленко Татьяна  8-916-780-67-52\nМобильный телефон:  7 916 780 67 52\n\nВремя и дата выезда: 18.09.2017 09:00:00',NULL,NULL,1507486786,0,NULL,NULL,1505714400,0,'осц москва/транспорт',NULL,NULL,3,5,'Тисленко Татьяна  8-916-780-67-52','79167806752','г. Москва, ш. Энтузиастов, д. 14, каб 325','ул. 1-Я ТВЕРСКАЯ ЯМСКАЯ 3   ',NULL,0,1505714400,NULL,NULL,NULL,NULL,NULL,NULL),(183,'SD106077971',2,'Предоставление легкового автомобиля','Шаблон:Предоставление легкового автомобиля\nПредоставление легкового автомобиля\nЦель выезда: Доставка банковских карт\nДата и Время выезда: 18.09.2017 09:00\nПри формировании заявки на  перевозку на текущую дату транспортное средство будет предоставлено только при наличии свободных автомобилей:  \nМаршрут следования: \nАдрес пункта отправления: г. Москва, ш. Энтузиастов, д. 14, каб 325\nАдрес пункта назначения: ул. Красноказарменная улица, 14А корпус 1\nФормат вводимого адреса: населённый пункт (город, посёлок, село, деревня), улица (проспект, проезд), номер дома с указанием корпуса (при наличии): \nПромежуточный пункт: \nАдрес пункта назначения: \nВремя ожидания в промежуточном пункте: 00:00\nКомментарий водителю: 38164555\nКонтактная информация перевозимого сотрудника: \nФИО: Бабаева Саида 8-965-357-58-45\nМобильный телефон:  7 965 357 58 45\n\nВремя и дата выезда: 18.09.2017 09:00:00',NULL,NULL,1507486786,0,NULL,NULL,1505714400,0,'осц москва/транспорт',NULL,NULL,3,5,'Бабаева Саида 8-965-357-58-45','79653575845','г. Москва, ш. Энтузиастов, д. 14, каб 325','ул. Красноказарменная улица, 14А корпус 1',NULL,0,1505714400,NULL,NULL,NULL,NULL,NULL,NULL),(184,'SD106080023',2,'Предоставление легкового автомобиля','Шаблон:Предоставление легкового автомобиля\nПредоставление легкового автомобиля\nЦель выезда: Встречи с клиентами\nДата и Время выезда: 15.09.2017 15:00\nПри формировании заявки на  перевозку на текущую дату транспортное средство будет предоставлено только при наличии свободных автомобилей: \nМаршрут следования: \nАдрес пункта отправления: Москва, улица Большая Ордынка, 40с1\nАдрес пункта назначения: Москва, улица Вавилова, 19\nФормат вводимого адреса: населённый пункт (город, посёлок, село, деревня), улица (проспект, проезд), номер дома с указанием корпуса (при наличии): \nПромежуточный пункт: \nАдрес пункта назначения: \nВремя ожидания в промежуточном пункте: \nКомментарий водителю: \nКонтактная информация перевозимого сотрудника: \nФИО: Шадриков Артем Юрьевич\nМобильный телефон: 79268294932\n\nВремя и дата выезда: 15.09.2017 15:00:00',NULL,NULL,1507486786,0,NULL,NULL,1505476800,0,'осц москва/транспорт',NULL,NULL,3,5,'Шадриков Артем Юрьевич','79268294932','Москва, улица Большая Ордынка, 40с1','Москва, улица Вавилова, 19',NULL,0,1505476800,NULL,NULL,NULL,NULL,NULL,NULL),(185,'SD106080098',2,'Предоставление легкового автомобиля','Шаблон:Предоставление легкового автомобиля\nПредоставление легкового автомобиля\nЦель выезда: Контроль СМР на объектах переформатирования\nДата и Время выезда: 15.09.2017 14:30\nПри формировании заявки на  перевозку на текущую дату транспортное средство будет предоставлено только при наличии свободных автомобилей:  \nМаршрут следования: \nАдрес пункта отправления: Оружейный пер 41, 10 этаж, место 10.7\nАдрес пункта назначения: г.Москва, Соймоновский проезд д.5\nФормат вводимого адреса: населённый пункт (город, посёлок, село, деревня), улица (проспект, проезд), номер дома с указанием корпуса (при наличии): \nПромежуточный пункт: \nАдрес пункта назначения: \nВремя ожидания в промежуточном пункте: 00:00\nКомментарий водителю: \nКонтактная информация перевозимого сотрудника: \nФИО: Караваева Мария Сергеевна\nМобильный телефон:  7 916 344 68 58\n\nВремя и дата выезда: 15.09.2017 14:30:00',NULL,NULL,1507486786,0,NULL,NULL,1505475000,0,'осц москва/транспорт',NULL,NULL,3,5,'Караваева Мария Сергеевна','79163446858','Оружейный пер 41, 10 этаж, место 10.7','г.Москва, Соймоновский проезд д.5',NULL,0,1505475000,NULL,NULL,NULL,NULL,NULL,NULL),(186,'SD106080747',2,'Предоставление легкового автомобиля','Шаблон:Предоставление легкового автомобиля\nПредоставление легкового автомобиля\nС уважением,\nЮлия Гусева\nЦель выезда: Выезды в государственные органы\nДата и Время выезда: 15.09.2017 14:05\nПри формировании заявки на  перевозку на текущую дату транспортное средство будет предоставлено только при наличии свободных автомобилей:  \nМаршрут следования: \nАдрес пункта отправления: Боярский переулок, дом 4\nАдрес пункта назначения: Кутузовский проспект, дом 32 строение 1\nФормат вводимого адреса: населённый пункт (город, посёлок, село, деревня), улица (проспект, проезд), номер дома с указанием корпуса (при наличии): \nПромежуточный пункт: \nАдрес пункта назначения: \nВремя ожидания в промежуточном пункте: 00:00\nКомментарий водителю: Прошу позвонить по приезду на место.\nКонтактная информация перевозимого сотрудника: \nФИО: Гусева Юлия Викторовна\nМобильный телефон:  8 906 087 27 41\n\nВремя и дата выезда: 15.09.2017 14:05:00',NULL,NULL,1507486786,0,NULL,NULL,1505473500,0,'осц москва/транспорт',NULL,NULL,3,5,'Гусева Юлия Викторовна','89060872741','Боярский переулок, дом 4','Кутузовский проспект, дом 32 строение 1',NULL,0,1505473500,NULL,NULL,NULL,NULL,NULL,NULL),(187,'SD106081332',2,'Предоставление легкового автомобиля','Шаблон:Предоставление легкового автомобиля\nПредоставление легкового автомобиля\nЦель выезда: Выезды для участия в коллегиальных органах/рабочих группах\nДата и Время выезда: 18.09.2017 07:30\nПри формировании заявки на  перевозку на текущую дату транспортное средство будет предоставлено только при наличии свободных автомобилей: \nМаршрут следования: \nАдрес пункта отправления: Москва, Старокрымская улица, 15к2\nАдрес пункта назначения: Москва, Долгоруковская улица, 2\nФормат вводимого адреса: населённый пункт (город, посёлок, село, деревня), улица (проспект, проезд), номер дома с указанием корпуса (при наличии): \nПромежуточный пункт: \nАдрес пункта назначения: \nВремя ожидания в промежуточном пункте: \nКомментарий водителю: \nКонтактная информация перевозимого сотрудника: \nФИО: Котов Виктор Валерьевич\nМобильный телефон: 7 967 193 27 63\n\nВремя и дата выезда: 18.09.2017 07:30:00',NULL,NULL,1507486786,0,NULL,NULL,1505709000,0,'осц москва/транспорт',NULL,NULL,3,5,'Котов Виктор Валерьевич','79671932763','Москва, Старокрымская улица, 15к2','Москва, Долгоруковская улица, 2',NULL,0,1505709000,NULL,NULL,NULL,NULL,NULL,NULL),(188,'SD106081483',2,'Предоставление легкового автомобиля','Шаблон:Предоставление легкового автомобиля\nПредоставление легкового автомобиля\nСпасибо.\nЦель выезда: Доставка банковских карт\nДата и Время выезда: 15.09.2017 13:30\nПри формировании заявки на  перевозку на текущую дату транспортное средство будет предоставлено только при наличии свободных автомобилей:  \nМаршрут следования: \nАдрес пункта отправления: преображенская площадь 7а стр1\nАдрес пункта назначения: СИРЕНЕВЫЙ Б-Р, ДОМ 53\nФормат вводимого адреса: населённый пункт (город, посёлок, село, деревня), улица (проспект, проезд), номер дома с указанием корпуса (при наличии): \nПромежуточный пункт: \nАдрес пункта назначения: Москва, Ильинка д.102 стр \nВремя ожидания в промежуточном пункте: 00:15\nПромежуточный пункт: \nАдрес пункта назначения: 1;Каланчевская, дом 15\nВремя ожидания в промежуточном пункте: 00:15\nКомментарий водителю: 38293435\nКонтактная информация перевозимого сотрудника: \nФИО: Полихрониди Жанна Николаевна89032779947 \nМобильный телефон:  8 903 277 99 47\n\nВремя и дата выезда: 15.09.2017 13:30:00',NULL,NULL,1507486786,0,NULL,NULL,1505471400,0,'осц москва/транспорт',NULL,NULL,3,5,'Полихрониди Жанна Николаевна89032779947 ','89032779947','преображенская площадь 7а стр1','СИРЕНЕВЫЙ Б-Р, ДОМ 53',NULL,0,1505471400,NULL,NULL,NULL,NULL,NULL,NULL),(189,'SD106081942',2,'Предоставление легкового автомобиля','Шаблон:Предоставление легкового автомобиля\nПредоставление легкового автомобиля\nЦель выезда: Встречи с клиентами\nДата и Время выезда: 15.09.2017 14:00\nПри формировании заявки на  перевозку на текущую дату транспортное средство будет предоставлено только при наличии свободных автомобилей:  \nМаршрут следования: \nАдрес пункта отправления: Оружейный переулок, 41\nАдрес пункта назначения: Олимпийский проспект д.16 стр.5\nФормат вводимого адреса: населённый пункт (город, посёлок, село, деревня), улица (проспект, проезд), номер дома с указанием корпуса (при наличии): \nПромежуточный пункт: \nАдрес пункта назначения: \nВремя ожидания в промежуточном пункте: 00:00\nКомментарий водителю: Требуется обратная поездка. Время ожидания 1 час\nКонтактная информация перевозимого сотрудника: \nФИО: Селифонова Марина Владимировна\nМобильный телефон:  7 906 723 49 55\n\nВремя и дата выезда: 15.09.2017 14:00:00',NULL,NULL,1507486786,0,NULL,NULL,1505473200,0,'осц москва/транспорт',NULL,NULL,3,5,'Селифонова Марина Владимировна','79067234955','Оружейный переулок, 41','Олимпийский проспект д.16 стр.5',NULL,0,1505473200,NULL,NULL,NULL,NULL,NULL,NULL),(190,'SD106083496',2,'Предоставление легкового автомобиля','Шаблон:Предоставление легкового автомобиля\nПредоставление легкового автомобиля\nЦель выезда: Корпоративные мероприятия\nДата и Время выезда: 15.09.2017 23:30\nПри формировании заявки на  перевозку на текущую дату транспортное средство будет предоставлено только при наличии свободных автомобилей:  \nМаршрут следования: \nАдрес пункта отправления: Московская область, г. Химки, Терминал Премьер Авиа аэропорта Шереметьево, , Шереметьевское шоссе, 2В, строение 1\nАдрес пункта назначения: Москва, Малый Власьевский переулок, дом 6\nФормат вводимого адреса: населённый пункт (город, посёлок, село, деревня), улица (проспект, проезд), номер дома с указанием корпуса (при наличии): \nПромежуточный пункт: \nАдрес пункта назначения: \nВремя ожидания в промежуточном пункте: 00:00\nКомментарий водителю: \nКонтактная информация перевозимого сотрудника: \nФИО: Тутынин Максим Викторович\nМобильный телефон:  7 919 963 85 36\n\nВремя и дата выезда: 15.09.2017 23:30:00',NULL,NULL,1507486786,0,NULL,NULL,1505507400,0,'осц москва/транспорт',NULL,NULL,3,5,'Тутынин Максим Викторович','79199638536','Московская область, г. Химки, Терминал Премьер Авиа аэропорта Шереметьево, , Шереметьевское шоссе, 2В, строение 1','Москва, Малый Власьевский переулок, дом 6',NULL,0,1505507400,NULL,NULL,NULL,NULL,NULL,NULL),(191,'SD106083803',2,'Предоставление легкового автомобиля','Шаблон:Предоставление легкового автомобиля\nПредоставление легкового автомобиля\nС уважением,\nДоценко Алёна Евгеньевна\nКоординатор\nПодразделения Московского банка Подразделения Московского банка Блок РБ\nРазмещение : Улица Днепропетровская, дом 3, корпус 5а, кабинет 310\nТелефон : 8 925 020 53 86\nвн. : 855-41-70-37\nЦель выезда: Доставка банковских карт\nДата и Время выезда: 15.09.2017 15:10\nПри формировании заявки на  перевозку на текущую дату транспортное средство будет предоставлено только при наличии свободных автомобилей:  \nМаршрут следования: \nАдрес пункта отправления: город Москва, улица Дорожная, дом 22 А\nАдрес пункта назначения: город Москва, улица Газопровод, дом 1, корпус 6а\nФормат вводимого адреса: населённый пункт (город, посёлок, село, деревня), улица (проспект, проезд), номер дома с указанием корпуса (при наличии): \nПромежуточный пункт: \nАдрес пункта назначения: \nВремя ожидания в промежуточном пункте: 00:00\nКомментарий водителю: 38067883\nКонтактная информация перевозимого сотрудника: \nФИО: Виницкая Мария Евгеньевна\nМобильный телефон:  8 916 985 53 47\n\nВремя и дата выезда: 15.09.2017 15:10:00',NULL,NULL,1507486786,0,NULL,NULL,1505477400,0,'осц москва/транспорт',NULL,NULL,3,5,'Виницкая Мария Евгеньевна','89169855347','город Москва, улица Дорожная, дом 22 А','город Москва, улица Газопровод, дом 1, корпус 6а',NULL,0,1505477400,NULL,NULL,NULL,NULL,NULL,NULL),(192,'SD106083949',2,'Предоставление легкового автомобиля','Шаблон:Предоставление легкового автомобиля\nПредоставление легкового автомобиля\nС уважением, Макеев Андрей Петрович\nЦель выезда: Выезды для участия в коллегиальных органах/рабочих группах\nДата и Время выезда: 15.09.2017 14:00\nПри формировании заявки на  перевозку на текущую дату транспортное средство будет предоставлено только при наличии свободных автомобилей:  \nМаршрут следования: \nАдрес пункта отправления: Москва, Вавилова, 23, 2-й подъезд\nАдрес пункта назначения: Москва, Кутузовский проспект, 32\nФормат вводимого адреса: населённый пункт (город, посёлок, село, деревня), улица (проспект, проезд), номер дома с указанием корпуса (при наличии): \nПромежуточный пункт: \nАдрес пункта назначения: \nВремя ожидания в промежуточном пункте: 00:00\nКомментарий водителю: Контактный номер: +79853642085\nКонтакт: Андрей\nПоедет: трое\nКонтактная информация перевозимого сотрудника: \nФИО: Макеев Андрей Петрович\nМобильный телефон:  7 985 364 20 85\n\nВремя и дата выезда: 15.09.2017 14:00:00',NULL,NULL,1507486786,0,NULL,NULL,1505473200,0,'осц москва/транспорт',NULL,NULL,3,5,'Макеев Андрей Петрович','79853642085','Москва, Вавилова, 23, 2-й подъезд','Москва, Кутузовский проспект, 32',NULL,0,1505473200,NULL,NULL,NULL,NULL,NULL,NULL),(193,'SD106084002',2,'Предоставление легкового автомобиля','Шаблон:Предоставление легкового автомобиля\nПредоставление легкового автомобиля\nЦель выезда: Доставка банковских карт\nДата и Время выезда: 18.09.2017 16:15\nПри формировании заявки на  перевозку на текущую дату транспортное средство будет предоставлено только при наличии свободных автомобилей:  \nМаршрут следования: \nАдрес пункта отправления: Москва ул Шкулева д.4 \nАдрес пункта назначения: Москва, Люблинская д.38\nФормат вводимого адреса: населённый пункт (город, посёлок, село, деревня), улица (проспект, проезд), номер дома с указанием корпуса (при наличии): \nПромежуточный пункт: \nАдрес пункта назначения: \nВремя ожидания в промежуточном пункте: 00:00\nКомментарий водителю: 38256731\nВремя подачи такси: 16:15\nАдрес отправки: г.Москва ул Шкулева д.4\nАдрес доставки: Москва, ул Люблинская 38 \nКонтактное лицо: ГУЖОВ АНДРЕЙ АЛЕКСАНДРОВИЧ  8-926-658-84-42\nКонтактная информация перевозимого сотрудника: \nФИО: ГУЖОВ АНДРЕЙ АЛЕКСАНДРОВИЧ  \nМобильный телефон:  7 926 658 84 42\n\nВремя и дата выезда: 18.09.2017 16:15:00',NULL,NULL,1507486786,0,NULL,NULL,1505740500,0,'осц москва/транспорт',NULL,NULL,3,5,'ГУЖОВ АНДРЕЙ АЛЕКСАНДРОВИЧ  ','79266588442','Москва ул Шкулева д.4 ','Москва, Люблинская д.38',NULL,0,1505740500,NULL,NULL,NULL,NULL,NULL,NULL),(194,'SD106084020',2,'Предоставление легкового автомобиля','Шаблон:Предоставление легкового автомобиля\nПредоставление легкового автомобиля\nЦель выезда: Доставка банковских карт\nДата и Время выезда: 18.09.2017 15:15\nПри формировании заявки на  перевозку на текущую дату транспортное средство будет предоставлено только при наличии свободных автомобилей:  \nМаршрут следования: \nАдрес пункта отправления: Москва, ул. Люблинская, д.16 \nАдрес пункта назначения: Москва, Люблинская д.38\nФормат вводимого адреса: населённый пункт (город, посёлок, село, деревня), улица (проспект, проезд), номер дома с указанием корпуса (при наличии): \nПромежуточный пункт: \nАдрес пункта назначения: \nВремя ожидания в промежуточном пункте: 00:00\nКомментарий водителю: 38258189\nВремя подачи такси: 15:15\nАдрес отправки: Москва, ул. Люблинская, д.16\nАдрес доставки: Москва, ул Люблинская 38\nКонтактное лицо: ВАРЧЕВА АЛИНА АНДРЕЕВНА   8-965-164-59-64\nКонтактная информация перевозимого сотрудника: \nФИО: ВАРЧЕВА АЛИНА АНДРЕЕВНА   \nМобильный телефон:  7 965 164 59 64\n\nВремя и дата выезда: 18.09.2017 15:15:00',NULL,NULL,1507486786,0,NULL,NULL,1505736900,0,'осц москва/транспорт',NULL,NULL,3,5,'ВАРЧЕВА АЛИНА АНДРЕЕВНА   ','79651645964','Москва, ул. Люблинская, д.16 ','Москва, Люблинская д.38',NULL,0,1505736900,NULL,NULL,NULL,NULL,NULL,NULL),(195,'SD106084046',2,'Предоставление легкового автомобиля','Шаблон:Предоставление легкового автомобиля\nПредоставление легкового автомобиля\nЦель выезда: Доставка банковских карт\nДата и Время выезда: 18.09.2017 09:20\nПри формировании заявки на  перевозку на текущую дату транспортное средство будет предоставлено только при наличии свободных автомобилей:  \nМаршрут следования: \nАдрес пункта отправления: Москва, Люблинская д.38\nАдрес пункта назначения: Москва, Курьяновская 21к2\nФормат вводимого адреса: населённый пункт (город, посёлок, село, деревня), улица (проспект, проезд), номер дома с указанием корпуса (при наличии): \nПромежуточный пункт: \nАдрес пункта назначения: \nВремя ожидания в промежуточном пункте: 00:00\nКомментарий водителю: Время подачи такси: 09:20\nАдрес отправки: Москва, ул Люблинская 38\nАдрес доставки: Москва, Курьяновская 21к2\nКонтактное лицо: ТАРАБАН АНТОН ОЛЕГОВИЧ  8-915-105-98-17\nКонтактная информация перевозимого сотрудника: \nФИО: ТАРАБАН АНТОН ОЛЕГОВИЧ  \nМобильный телефон:  7 915 105 98 17\n\nВремя и дата выезда: 18.09.2017 09:20:00',NULL,NULL,1507486786,0,NULL,NULL,1505715600,0,'осц москва/транспорт',NULL,NULL,3,5,'ТАРАБАН АНТОН ОЛЕГОВИЧ  ','79151059817','Москва, Люблинская д.38','Москва, Курьяновская 21к2',NULL,0,1505715600,NULL,NULL,NULL,NULL,NULL,NULL),(196,'SD106084061',2,'Предоставление легкового автомобиля','Шаблон:Предоставление легкового автомобиля\nПредоставление легкового автомобиля\nЦель выезда: Доставка банковских карт\nДата и Время выезда: 18.09.2017 16:15\nПри формировании заявки на  перевозку на текущую дату транспортное средство будет предоставлено только при наличии свободных автомобилей:  \nМаршрут следования: \nАдрес пункта отправления: Москва, Курьяновская 21к2 \nАдрес пункта назначения: Москва, Люблинская д.38\nФормат вводимого адреса: населённый пункт (город, посёлок, село, деревня), улица (проспект, проезд), номер дома с указанием корпуса (при наличии): \nПромежуточный пункт: \nАдрес пункта назначения: \nВремя ожидания в промежуточном пункте: 00:00\nКомментарий водителю: 38259185\nВремя подачи такси: 16:15\nАдрес отправки: Москва, Курьяновская 21к2\nАдрес доставки: Москва, ул Люблинская 38 \nКонтактное лицо: ТАРАБАН АНТОН ОЛЕГОВИЧ  8-915-105-98-17\nКонтактная информация перевозимого сотрудника: \nФИО: ТАРАБАН АНТОН ОЛЕГОВИЧ\nМобильный телефон:  7 915 105 98 17\n\nВремя и дата выезда: 18.09.2017 16:15:00',NULL,NULL,1507486786,0,NULL,NULL,1505740500,0,'осц москва/транспорт',NULL,NULL,3,5,'ТАРАБАН АНТОН ОЛЕГОВИЧ','79151059817','Москва, Курьяновская 21к2 ','Москва, Люблинская д.38',NULL,0,1505740500,NULL,NULL,NULL,NULL,NULL,NULL),(197,'SD106084294',2,'Предоставление легкового автомобиля','Шаблон:Предоставление легкового автомобиля\nПредоставление легкового автомобиля\nЦель выезда: Доставка банковских карт\nДата и Время выезда: 18.09.2017 09:10\nПри формировании заявки на  перевозку на текущую дату транспортное средство будет предоставлено только при наличии свободных автомобилей:  \nМаршрут следования: \nАдрес пункта отправления: Москва, ул. Люсиновская 26/28 корп 6\nАдрес пункта назначения: Москва, Коломенская наб 16\nФормат вводимого адреса: населённый пункт (город, посёлок, село, деревня), улица (проспект, проезд), номер дома с указанием корпуса (при наличии): \nПромежуточный пункт: \nАдрес пункта назначения: \nВремя ожидания в промежуточном пункте: 00:00\nКомментарий водителю: 38257736\nВремя подачи такси: 09:10\nАдрес отправки: Москва, ул. Люсиновская 26/28 корп 6\nАдрес доставки: Москва, Коломенская наб 16\nКонтактное лицо:  КОСТЫЛЕВ МИХАИЛ ДМИТРИЕВИЧ 8-915-323-22-59\nКонтактная информация перевозимого сотрудника: \nФИО: КОСТЫЛЕВ МИХАИЛ ДМИТРИЕВИЧ \nМобильный телефон:  7 915 323 22 59\n\nВремя и дата выезда: 18.09.2017 09:10:00',NULL,NULL,1507486786,0,NULL,NULL,1505715000,0,'осц москва/транспорт',NULL,NULL,3,5,'КОСТЫЛЕВ МИХАИЛ ДМИТРИЕВИЧ ','79153232259','Москва, ул. Люсиновская 26/28 корп 6','Москва, Коломенская наб 16',NULL,0,1505715000,NULL,NULL,NULL,NULL,NULL,NULL),(198,'SD106084324',2,'Предоставление легкового автомобиля','Шаблон:Предоставление легкового автомобиля\nПредоставление легкового автомобиля\nЦель выезда: Доставка банковских карт\nДата и Время выезда: 18.09.2017 16:15\nПри формировании заявки на  перевозку на текущую дату транспортное средство будет предоставлено только при наличии свободных автомобилей:  \nМаршрут следования: \nАдрес пункта отправления: Москва, Коломенская наб 16\nАдрес пункта назначения: Москва, ул. Люсиновская 26/28 корп 6\nФормат вводимого адреса: населённый пункт (город, посёлок, село, деревня), улица (проспект, проезд), номер дома с указанием корпуса (при наличии): \nПромежуточный пункт: \nАдрес пункта назначения: \nВремя ожидания в промежуточном пункте: 00:00\nКомментарий водителю: 38257736\nВремя подачи такси: 16:15\nАдрес отправки: Москва, Коломенская наб 16\nАдрес доставки: Москва, ул. Люсиновская 26/28 корп 6\nКонтактное лицо:  КОСТЫЛЕВ МИХАИЛ ДМИТРИЕВИЧ 8-915-323-22-59\nКонтактная информация перевозимого сотрудника: \nФИО: КОСТЫЛЕВ МИХАИЛ ДМИТРИЕВИЧ \nМобильный телефон:  7 915 323 22 59\n\nВремя и дата выезда: 18.09.2017 16:15:00',NULL,NULL,1507486786,0,NULL,NULL,1505740500,0,'осц москва/транспорт',NULL,NULL,3,5,'КОСТЫЛЕВ МИХАИЛ ДМИТРИЕВИЧ ','79153232259','Москва, Коломенская наб 16','Москва, ул. Люсиновская 26/28 корп 6',NULL,0,1505740500,NULL,NULL,NULL,NULL,NULL,NULL),(199,'SD106084354',2,'Предоставление легкового автомобиля','Шаблон:Предоставление легкового автомобиля\nПредоставление легкового автомобиля\nЦель выезда: Доставка банковских карт\nДата и Время выезда: 18.09.2017 09:15\nПри формировании заявки на  перевозку на текущую дату транспортное средство будет предоставлено только при наличии свободных автомобилей:  \nМаршрут следования: \nАдрес пункта отправления: Москва, Люблинская д.38\nАдрес пункта назначения: Москва ул Шкулева д.4\nФормат вводимого адреса: населённый пункт (город, посёлок, село, деревня), улица (проспект, проезд), номер дома с указанием корпуса (при наличии): \nПромежуточный пункт: \nАдрес пункта назначения: \nВремя ожидания в промежуточном пункте: 00:00\nКомментарий водителю: 38256731\nВремя подачи такси: 09:15\nАдрес отправки: Москва, ул Люблинская 38\nАдрес доставки: г.Москва ул Шкулева д.4\nКонтактное лицо: ГУЖОВ АНДРЕЙ АЛЕКСАНДРОВИЧ  8-926-658-84-42\nКонтактная информация перевозимого сотрудника: \nФИО:  ГУЖОВ АНДРЕЙ АЛЕКСАНДРОВИЧ  \nМобильный телефон:  7 926 658 84 42\n\nВремя и дата выезда: 18.09.2017 09:15:00',NULL,NULL,1507486786,0,NULL,NULL,1505715300,0,'осц москва/транспорт',NULL,NULL,3,5,' ГУЖОВ АНДРЕЙ АЛЕКСАНДРОВИЧ  ','79266588442','Москва, Люблинская д.38','Москва ул Шкулева д.4',NULL,0,1505715300,NULL,NULL,NULL,NULL,NULL,NULL),(200,'SD106084392',2,'Предоставление легкового автомобиля','Шаблон:Предоставление легкового автомобиля\nПредоставление легкового автомобиля\nЦель выезда: Доставка банковских карт\nДата и Время выезда: 18.09.2017 09:00\nПри формировании заявки на  перевозку на текущую дату транспортное средство будет предоставлено только при наличии свободных автомобилей:  \nМаршрут следования: \nАдрес пункта отправления: Москва, Люблинская д.38\nАдрес пункта назначения: Москва, ул. Люблинская, д.16\nФормат вводимого адреса: населённый пункт (город, посёлок, село, деревня), улица (проспект, проезд), номер дома с указанием корпуса (при наличии): \nПромежуточный пункт: \nАдрес пункта назначения: \nВремя ожидания в промежуточном пункте: 00:00\nКомментарий водителю: 38258189\nВремя подачи такси: 09:00\nАдрес отправки: Москва, ул Люблинская 38\nАдрес доставки: Москва, ул. Люблинская, д.16\nКонтактное лицо: ВАРЧЕВА АЛИНА АНДРЕЕВНА   8-965-164-59-64\nКонтактная информация перевозимого сотрудника: \nФИО:  ВАРЧЕВА АЛИНА АНДРЕЕВНА   \nМобильный телефон:  7 965 164 59 64\n\nВремя и дата выезда: 18.09.2017 09:00:00',NULL,NULL,1507486786,0,NULL,NULL,1505714400,0,'осц москва/транспорт',NULL,NULL,3,5,' ВАРЧЕВА АЛИНА АНДРЕЕВНА   ','79651645964','Москва, Люблинская д.38','Москва, ул. Люблинская, д.16',NULL,0,1505714400,NULL,NULL,NULL,NULL,NULL,NULL),(201,'SD106084648',2,'Предоставление легкового автомобиля','Шаблон:Предоставление легкового автомобиля\nПредоставление легкового автомобиля\nЦель выезда: Проведение контрольных процедур\nДата и Время выезда: 18.09.2017 15:00\nПри формировании заявки на  перевозку на текущую дату транспортное средство будет предоставлено только при наличии свободных автомобилей:  \nМаршрут следования: \nАдрес пункта отправления: г. Дмитров, ул. Семенюка, д. 5\nАдрес пункта назначения: Волгоградский проспект, 32\nФормат вводимого адреса: населённый пункт (город, посёлок, село, деревня), улица (проспект, проезд), номер дома с указанием корпуса (при наличии): \nПромежуточный пункт: \nАдрес пункта назначения: \nВремя ожидания в промежуточном пункте: 00:00\nКомментарий водителю: \nКонтактная информация перевозимого сотрудника: \nФИО: Данилевич Юрий Николаевич\nМобильный телефон:  7 916 222 55 32\n\nВремя и дата выезда: 18.09.2017 15:00:00',NULL,NULL,1507486786,0,NULL,NULL,1505736000,0,'осц москва/транспорт',NULL,NULL,3,5,'Данилевич Юрий Николаевич','79162225532','г. Дмитров, ул. Семенюка, д. 5','Волгоградский проспект, 32',NULL,0,1505736000,NULL,NULL,NULL,NULL,NULL,NULL),(202,'SD106084836',2,'Предоставление легкового автомобиля','Шаблон:Предоставление легкового автомобиля\nПредоставление легкового автомобиля\nЦель выезда: Доставка банковских карт\nДата и Время выезда: 18.09.2017 14:15\nПри формировании заявки на  перевозку на текущую дату транспортное средство будет предоставлено только при наличии свободных автомобилей:  \nМаршрут следования: \nАдрес пункта отправления: Москва, ул.Садовническая д.73 стр.2 \nАдрес пункта назначения: Москва, Люблинская д.38\nФормат вводимого адреса: населённый пункт (город, посёлок, село, деревня), улица (проспект, проезд), номер дома с указанием корпуса (при наличии): \nПромежуточный пункт: \nАдрес пункта назначения: \nВремя ожидания в промежуточном пункте: 00:00\nКомментарий водителю: 38259180\nВремя подачи такси: 14:15\nАдрес отправки: Москва, ул.Садовническая д.73 стр.2\nАдрес доставки: Москва, ул Люблинская 38 \nКонтактное лицо: ФУРСОВ ДМИТРИЙ ГЕННАДЬЕВИЧ 8-919-102-41-89\nКонтактная информация перевозимого сотрудника: \nФИО: ФУРСОВ ДМИТРИЙ ГЕННАДЬЕВИЧ \nМобильный телефон:  7 919 102 41 89\n\nВремя и дата выезда: 18.09.2017 14:15:00',NULL,NULL,1507486786,0,NULL,NULL,1505733300,0,'осц москва/транспорт',NULL,NULL,3,5,'ФУРСОВ ДМИТРИЙ ГЕННАДЬЕВИЧ ','79191024189','Москва, ул.Садовническая д.73 стр.2 ','Москва, Люблинская д.38',NULL,0,1505733300,NULL,NULL,NULL,NULL,NULL,NULL),(203,'SD106084864',2,'Предоставление легкового автомобиля','Шаблон:Предоставление легкового автомобиля\nПредоставление легкового автомобиля\nЦель выезда: Проведение контрольных процедур\nДата и Время выезда: 18.09.2017 07:30\nПри формировании заявки на  перевозку на текущую дату транспортное средство будет предоставлено только при наличии свободных автомобилей:  \nМаршрут следования: \nАдрес пункта отправления: Волгоградский проспект, 32\nАдрес пункта назначения: г. Дмитров, ул. Семенюка, д. 5\nФормат вводимого адреса: населённый пункт (город, посёлок, село, деревня), улица (проспект, проезд), номер дома с указанием корпуса (при наличии): \nПромежуточный пункт: \nАдрес пункта назначения: \nВремя ожидания в промежуточном пункте: 00:00\nКомментарий водителю: \nКонтактная информация перевозимого сотрудника: \nФИО: Данилевич Юрий Николаевич\nМобильный телефон:  7 916 222 55 32\n\nВремя и дата выезда: 18.09.2017 07:30:00',NULL,NULL,1507486786,0,NULL,NULL,1505709000,0,'осц москва/транспорт',NULL,NULL,3,5,'Данилевич Юрий Николаевич','79162225532','Волгоградский проспект, 32','г. Дмитров, ул. Семенюка, д. 5',NULL,0,1505709000,NULL,NULL,NULL,NULL,NULL,NULL),(204,'SD106084977',2,'Предоставление легкового автомобиля','Шаблон:Предоставление легкового автомобиля\nПредоставление легкового автомобиля\nЦель выезда: Доставка банковских карт\nДата и Время выезда: 18.09.2017 09:20\nПри формировании заявки на  перевозку на текущую дату транспортное средство будет предоставлено только при наличии свободных автомобилей:  \nМаршрут следования: \nАдрес пункта отправления: Москва, Люблинская д.38\nАдрес пункта назначения: Москва, ул.Садовническая д.73 стр.2\nФормат вводимого адреса: населённый пункт (город, посёлок, село, деревня), улица (проспект, проезд), номер дома с указанием корпуса (при наличии): \nПромежуточный пункт: \nАдрес пункта назначения: \nВремя ожидания в промежуточном пункте: 00:00\nКомментарий водителю: 38259180\nВремя подачи такси: 09:20\nАдрес отправки: Москва, ул Люблинская 38\nАдрес доставки: Москва, ул.Садовническая д.73 стр.2\nКонтактное лицо: ФУРСОВ ДМИТРИЙ ГЕННАДЬЕВИЧ 8-919-102-41-89\nКонтактная информация перевозимого сотрудника: \nФИО: ФУРСОВ ДМИТРИЙ ГЕННАДЬЕВИЧ \nМобильный телефон:  7 919 102 41 89\n\nВремя и дата выезда: 18.09.2017 09:20:00',NULL,NULL,1507486786,0,NULL,NULL,1505715600,0,'осц москва/транспорт',NULL,NULL,3,5,'ФУРСОВ ДМИТРИЙ ГЕННАДЬЕВИЧ ','79191024189','Москва, Люблинская д.38','Москва, ул.Садовническая д.73 стр.2',NULL,0,1505715600,NULL,NULL,NULL,NULL,NULL,NULL),(205,'SD106085030',2,'Предоставление легкового автомобиля','Шаблон:Предоставление легкового автомобиля\nПредоставление легкового автомобиля\nЦель выезда: Доставка банковских карт\nДата и Время выезда: 15.09.2017 14:30\nПри формировании заявки на  перевозку на текущую дату транспортное средство будет предоставлено только при наличии свободных автомобилей:  \nМаршрут следования: \nАдрес пункта отправления: 32-й км Калужского шоссе, ориентир остановка Десна\nАдрес пункта назначения: Москва, ул.Брянская, д. 8\nФормат вводимого адреса: населённый пункт (город, посёлок, село, деревня), улица (проспект, проезд), номер дома с указанием корпуса (при наличии): \nПромежуточный пункт: \nАдрес пункта назначения: \nВремя ожидания в промежуточном пункте: 00:00\nКомментарий водителю: Адрес: поворот на Троицк, на нем развернуться в сторону Москвы, после остановки сразу на право, далее прямо у мусорного бака на право, далее 150 м. парковка.\nКонтактная информация перевозимого сотрудника: \nФИО: Владимиров Вадим\nМобильный телефон:  7 962 923 05 18\n\nВремя и дата выезда: 15.09.2017 14:30:00',NULL,NULL,1507486786,0,NULL,NULL,1505475000,0,'осц москва/транспорт',NULL,NULL,3,5,'Владимиров Вадим','79629230518','32-й км Калужского шоссе, ориентир остановка Десна','Москва, ул.Брянская, д. 8',NULL,0,1505475000,NULL,NULL,NULL,NULL,NULL,NULL),(206,'SD106086146',2,'Предоставление легкового автомобиля','Шаблон:Предоставление легкового автомобиля\nПредоставление легкового автомобиля\nС уважением, \nКорнеева Полина Сергеевна\nКоординатор\nПАО Сбербанк, Московский банк\nУправление прямых продаж\nОтдел прямых продаж Северо-Восток\nВн.тел.: 037-48-42; Гор.тел.: 8 (499) 500-00-05; Моб.тел.: 89162788360.\nРоссия, Москва, Череповецкая д.20\nДаем людям уверенность и надежность!\nwww.sberbank.ru\nЦель выезда: Доставка банковских карт\nДата и Время выезда: 15.09.2017 15:30\nПри формировании заявки на  перевозку на текущую дату транспортное средство будет предоставлено только при наличии свободных автомобилей:  \nМаршрут следования: \nАдрес пункта отправления: радужная д 5\nАдрес пункта назначения: ярославское шоссе д 28\nФормат вводимого адреса: населённый пункт (город, посёлок, село, деревня), улица (проспект, проезд), номер дома с указанием корпуса (при наличии): \nПромежуточный пункт: \nАдрес пункта назначения: \nВремя ожидания в промежуточном пункте: 00:00\nКомментарий водителю: 38092209\nКонтактная информация перевозимого сотрудника: \nФИО: давтян Инна \nМобильный телефон:  8 925 077 31 11\n\nВремя и дата выезда: 15.09.2017 15:30:00',NULL,NULL,1507486786,0,NULL,NULL,1505478600,0,'осц москва/транспорт',NULL,NULL,3,5,'давтян Инна ','89250773111','радужная д 5','ярославское шоссе д 28',NULL,0,1505478600,NULL,NULL,NULL,NULL,NULL,NULL),(207,'SD106086198',2,'Предоставление легкового автомобиля','Шаблон:Предоставление легкового автомобиля\nПредоставление легкового автомобиля\nЦель выезда: Выезды в государственные органы\nДата и Время выезда: 15.09.2017 15:15\nПри формировании заявки на  перевозку на текущую дату транспортное средство будет предоставлено только при наличии свободных автомобилей:  \nМаршрут следования: \nАдрес пункта отправления: г. Москва, ул. Вавилова, д. 19\nАдрес пункта назначения: Верхняя Радищевская 11 с. 1\nФормат вводимого адреса: населённый пункт (город, посёлок, село, деревня), улица (проспект, проезд), номер дома с указанием корпуса (при наличии): \nПромежуточный пункт: \nАдрес пункта назначения: Пр. Академика Сахарова 9\nВремя ожидания в промежуточном пункте: 00:15\nКомментарий водителю: \nКонтактная информация перевозимого сотрудника: \nФИО: Иванов Александр Сергеевич\nМобильный телефон:  7 917 147 60 20\n\nВремя и дата выезда: 15.09.2017 15:15:00',NULL,NULL,1507486786,0,NULL,NULL,1505477700,0,'осц москва/транспорт',NULL,NULL,3,5,'Иванов Александр Сергеевич','79171476020','г. Москва, ул. Вавилова, д. 19','Верхняя Радищевская 11 с. 1',NULL,0,1505477700,NULL,NULL,NULL,NULL,NULL,NULL),(208,'SD106086337',2,'Предоставление легкового автомобиля','Шаблон:Предоставление легкового автомобиля\nПредоставление легкового автомобиля\nЦель выезда: Встречи с клиентами\nДата и Время выезда: 15.09.2017 15:20\nПри формировании заявки на  перевозку на текущую дату транспортное средство будет предоставлено только при наличии свободных автомобилей: \nМаршрут следования: \nАдрес пункта отправления: Москва, Оружейный переулок, 41\nАдрес пункта назначения: Московская область, Одинцовский район, деревня Бузаево\nФормат вводимого адреса: населённый пункт (город, посёлок, село, деревня), улица (проспект, проезд), номер дома с указанием корпуса (при наличии): \nПромежуточный пункт: \nАдрес пункта назначения: Москва, 2-й Южнопортовый проезд, 12Ак1с1\nВремя ожидания в промежуточном пункте: \nКомментарий водителю: \nКонтактная информация перевозимого сотрудника: \nФИО: Зискинд Владимир Львович\nМобильный телефон: 79037203221\n\nВремя и дата выезда: 15.09.2017 15:20:00',NULL,NULL,1507486786,0,NULL,NULL,1505478000,0,'осц москва/транспорт',NULL,NULL,3,5,'Зискинд Владимир Львович','79037203221','Москва, Оружейный переулок, 41','Московская область, Одинцовский район, деревня Бузаево',NULL,0,1505478000,NULL,NULL,NULL,NULL,NULL,NULL),(209,'SD106086878',2,'Предоставление легкового автомобиля','Шаблон:Предоставление легкового автомобиля\nПредоставление легкового автомобиля\nЦель выезда: Доставка банковских карт\nДата и Время выезда: 18.09.2017 11:30\nПри формировании заявки на  перевозку на текущую дату транспортное средство будет предоставлено только при наличии свободных автомобилей:  \nМаршрут следования: \nАдрес пункта отправления: Москва Сивцев Вражек 29/16\nАдрес пункта назначения: Москва ул Моховая д9\nФормат вводимого адреса: населённый пункт (город, посёлок, село, деревня), улица (проспект, проезд), номер дома с указанием корпуса (при наличии): \nПромежуточный пункт: \nАдрес пункта назначения: \nВремя ожидания в промежуточном пункте: 00:00\nКомментарий водителю: 3821079\nКонтактная информация перевозимого сотрудника: \nФИО: Сохова Ольга\nМобильный телефон:  8 915 380 16 75\n\nВремя и дата выезда: 18.09.2017 11:30:00',NULL,NULL,1507486786,0,1508503085,NULL,1505723400,0,'осц москва/транспорт',NULL,'2',3,3,'Сохова Ольга','89153801675','Москва Сивцев Вражек 29/16','Москва ул Моховая д9',NULL,2,1505723400,NULL,NULL,NULL,NULL,NULL,NULL);
/*!40000 ALTER TABLE `requests` ENABLE KEYS */;
UNLOCK TABLES;

--
-- Table structure for table `service_types`
--

DROP TABLE IF EXISTS `service_types`;
/*!40101 SET @saved_cs_client     = @@character_set_client */;
/*!40101 SET character_set_client = utf8 */;
CREATE TABLE `service_types` (
  `id` int(11) NOT NULL AUTO_INCREMENT,
  `service_name` varchar(255) NOT NULL,
  PRIMARY KEY (`id`)
) ENGINE=InnoDB AUTO_INCREMENT=3 DEFAULT CHARSET=utf8;
/*!40101 SET character_set_client = @saved_cs_client */;

--
-- Dumping data for table `service_types`
--

LOCK TABLES `service_types` WRITE;
/*!40000 ALTER TABLE `service_types` DISABLE KEYS */;
INSERT INTO `service_types` VALUES (1,'Эксплуатация'),(2,'Транспорт');
/*!40000 ALTER TABLE `service_types` ENABLE KEYS */;
UNLOCK TABLES;

--
-- Table structure for table `session`
--

DROP TABLE IF EXISTS `session`;
/*!40101 SET @saved_cs_client     = @@character_set_client */;
/*!40101 SET character_set_client = utf8 */;
CREATE TABLE `session` (
  `id` char(40) NOT NULL,
  `expire` int(11) DEFAULT NULL,
  `data` blob,
  PRIMARY KEY (`id`)
) ENGINE=InnoDB DEFAULT CHARSET=utf8;
/*!40101 SET character_set_client = @saved_cs_client */;

--
-- Dumping data for table `session`
--

LOCK TABLES `session` WRITE;
/*!40000 ALTER TABLE `session` DISABLE KEYS */;
INSERT INTO `session` VALUES ('24c017c335af308fd714bcc16088d501',1507531562,'__flash|a:0:{}__id|i:4;'),('5hh8p4ob7osnvs15mq9qa90pm5',1508850902,'__flash|a:0:{}__id|i:4;'),('67qhkorulv7l4va7rdvtda4ck0',1509449295,'__flash|a:0:{}__id|i:4;'),('ao52manjjkc6afeuio65gegl32',1509371806,'__flash|a:0:{}__id|i:4;'),('fnehvdaoed4pd5t6bqepcd07g5',1508760379,'__flash|a:0:{}__returnUrl|s:55:\"/reqtr/globalsearch?GlobalSearch%5Bquery%5D=SD106015527\";__id|i:4;'),('mla569p029uc8ab8s1eqhhpu32',1509630680,'__flash|a:0:{}__id|i:4;'),('talv57r0p6ko5m1fqanv05rhn7',1509015130,'__flash|a:0:{}__id|i:4;');
/*!40000 ALTER TABLE `session` ENABLE KEYS */;
UNLOCK TABLES;

--
-- Table structure for table `sessions`
--

DROP TABLE IF EXISTS `sessions`;
/*!40101 SET @saved_cs_client     = @@character_set_client */;
/*!40101 SET character_set_client = utf8 */;
CREATE TABLE `sessions` (
  `session_id` varchar(128) CHARACTER SET utf8mb4 COLLATE utf8mb4_bin NOT NULL,
  `expires` int(11) unsigned NOT NULL,
  `data` text CHARACTER SET utf8mb4 COLLATE utf8mb4_bin,
  PRIMARY KEY (`session_id`)
) ENGINE=InnoDB DEFAULT CHARSET=utf8;
/*!40101 SET character_set_client = @saved_cs_client */;

--
-- Dumping data for table `sessions`
--

LOCK TABLES `sessions` WRITE;
/*!40000 ALTER TABLE `sessions` DISABLE KEYS */;
INSERT INTO `sessions` VALUES ('YOO-_aBbJuAuLNr5_CVKnHXAN6vIxy1s',1510145199,'{\"cookie\":{\"originalMaxAge\":null,\"expires\":null,\"httpOnly\":true,\"path\":\"/\"},\"companyID\":4,\"userID\":4,\"authUser\":\"taxi\",\"serviceType\":2}');
/*!40000 ALTER TABLE `sessions` ENABLE KEYS */;
UNLOCK TABLES;

--
-- Table structure for table `statuses`
--

DROP TABLE IF EXISTS `statuses`;
/*!40101 SET @saved_cs_client     = @@character_set_client */;
/*!40101 SET character_set_client = utf8 */;
CREATE TABLE `statuses` (
  `id` int(11) NOT NULL,
  `status` varchar(255) NOT NULL,
  PRIMARY KEY (`id`)
) ENGINE=InnoDB DEFAULT CHARSET=utf8;
/*!40101 SET character_set_client = @saved_cs_client */;

--
-- Dumping data for table `statuses`
--

LOCK TABLES `statuses` WRITE;
/*!40000 ALTER TABLE `statuses` DISABLE KEYS */;
INSERT INTO `statuses` VALUES (1,'Новый'),(2,'Назначено в группу'),(3,'В работе'),(7,'Выполнено');
/*!40000 ALTER TABLE `statuses` ENABLE KEYS */;
UNLOCK TABLES;

--
-- Table structure for table `transport_cars`
--

DROP TABLE IF EXISTS `transport_cars`;
/*!40101 SET @saved_cs_client     = @@character_set_client */;
/*!40101 SET character_set_client = utf8 */;
CREATE TABLE `transport_cars` (
  `id` int(11) NOT NULL AUTO_INCREMENT,
  `vehicle_brand` varchar(200) DEFAULT NULL,
  `vehicle_id_number` varchar(255) DEFAULT NULL,
  `vehicle_color` varchar(255) DEFAULT NULL,
  `company_id` int(11) NOT NULL,
  `status` int(11) DEFAULT NULL,
  PRIMARY KEY (`id`)
) ENGINE=InnoDB AUTO_INCREMENT=34 DEFAULT CHARSET=utf8;
/*!40101 SET character_set_client = @saved_cs_client */;

--
-- Dumping data for table `transport_cars`
--

LOCK TABLES `transport_cars` WRITE;
/*!40000 ALTER TABLE `transport_cars` DISABLE KEYS */;
INSERT INTO `transport_cars` VALUES (1,'bmw','A584ЕН152','белый',3,1),(2,'BMW','номер','БЕЛЫЙ',4,2),(32,'test','f121sa123','чёрный',4,1),(33,'Корвет','ы213цу234','цупацуп',4,1);
/*!40000 ALTER TABLE `transport_cars` ENABLE KEYS */;
UNLOCK TABLES;

--
-- Table structure for table `transport_cars_status`
--

DROP TABLE IF EXISTS `transport_cars_status`;
/*!40101 SET @saved_cs_client     = @@character_set_client */;
/*!40101 SET character_set_client = utf8 */;
CREATE TABLE `transport_cars_status` (
  `id` int(11) NOT NULL AUTO_INCREMENT,
  `status` varchar(45) DEFAULT NULL,
  PRIMARY KEY (`id`)
) ENGINE=InnoDB AUTO_INCREMENT=3 DEFAULT CHARSET=utf8;
/*!40101 SET character_set_client = @saved_cs_client */;

--
-- Dumping data for table `transport_cars_status`
--

LOCK TABLES `transport_cars_status` WRITE;
/*!40000 ALTER TABLE `transport_cars_status` DISABLE KEYS */;
INSERT INTO `transport_cars_status` VALUES (1,'Работает'),(2,'Не эксплуатируется');
/*!40000 ALTER TABLE `transport_cars_status` ENABLE KEYS */;
UNLOCK TABLES;

--
-- Table structure for table `transport_drivers`
--

DROP TABLE IF EXISTS `transport_drivers`;
/*!40101 SET @saved_cs_client     = @@character_set_client */;
/*!40101 SET character_set_client = utf8 */;
CREATE TABLE `transport_drivers` (
  `id` int(11) NOT NULL AUTO_INCREMENT,
  `driver_fullname` varchar(255) DEFAULT NULL,
  `driver_phone` varchar(255) DEFAULT NULL,
  `status` tinyint(1) NOT NULL DEFAULT '1',
  `car_id` int(11) DEFAULT NULL,
  `company_id` int(11) DEFAULT NULL,
  `sber_workgroup_id` int(11) DEFAULT NULL,
  PRIMARY KEY (`id`),
  KEY `CarForeign` (`car_id`),
  CONSTRAINT `CarForeign` FOREIGN KEY (`car_id`) REFERENCES `transport_cars` (`id`)
) ENGINE=InnoDB AUTO_INCREMENT=17 DEFAULT CHARSET=utf8 ROW_FORMAT=COMPACT;
/*!40101 SET character_set_client = @saved_cs_client */;

--
-- Dumping data for table `transport_drivers`
--

LOCK TABLES `transport_drivers` WRITE;
/*!40000 ALTER TABLE `transport_drivers` DISABLE KEYS */;
INSERT INTO `transport_drivers` VALUES (3,'Иван Иванович Иванов','79219291230',1,NULL,3,NULL),(4,'Тест Тестовый тестович','71919111111',2,32,3,NULL),(5,'Петров Олег Валерьевич','79607778899',3,1,4,NULL),(16,'Третьяк Леонид Иванович','79601554545',1,2,4,NULL);
/*!40000 ALTER TABLE `transport_drivers` ENABLE KEYS */;
UNLOCK TABLES;

--
-- Table structure for table `transport_drivers_status`
--

DROP TABLE IF EXISTS `transport_drivers_status`;
/*!40101 SET @saved_cs_client     = @@character_set_client */;
/*!40101 SET character_set_client = utf8 */;
CREATE TABLE `transport_drivers_status` (
  `id` int(11) NOT NULL AUTO_INCREMENT,
  `status` varchar(50) NOT NULL,
  PRIMARY KEY (`id`)
) ENGINE=InnoDB AUTO_INCREMENT=4 DEFAULT CHARSET=utf8;
/*!40101 SET character_set_client = @saved_cs_client */;

--
-- Dumping data for table `transport_drivers_status`
--

LOCK TABLES `transport_drivers_status` WRITE;
/*!40000 ALTER TABLE `transport_drivers_status` DISABLE KEYS */;
INSERT INTO `transport_drivers_status` VALUES (1,'Работает'),(2,'Отпуск'),(3,'Уволен');
/*!40000 ALTER TABLE `transport_drivers_status` ENABLE KEYS */;
UNLOCK TABLES;

--
-- Table structure for table `transport_statuses`
--

DROP TABLE IF EXISTS `transport_statuses`;
/*!40101 SET @saved_cs_client     = @@character_set_client */;
/*!40101 SET character_set_client = utf8 */;
CREATE TABLE `transport_statuses` (
  `id` int(11) NOT NULL,
  `status` varchar(255) NOT NULL,
  PRIMARY KEY (`id`)
) ENGINE=InnoDB DEFAULT CHARSET=utf8;
/*!40101 SET character_set_client = @saved_cs_client */;

--
-- Dumping data for table `transport_statuses`
--

LOCK TABLES `transport_statuses` WRITE;
/*!40000 ALTER TABLE `transport_statuses` DISABLE KEYS */;
INSERT INTO `transport_statuses` VALUES (2,'Назначено в группу'),(5,'Машина назначена'),(7,'Поездка завершена'),(8,'Отозвана клиентом'),(9,'Отказ в обслуживании'),(100,'Данные переданы');
/*!40000 ALTER TABLE `transport_statuses` ENABLE KEYS */;
UNLOCK TABLES;

--
-- Table structure for table `user`
--

DROP TABLE IF EXISTS `user`;
/*!40101 SET @saved_cs_client     = @@character_set_client */;
/*!40101 SET character_set_client = utf8 */;
CREATE TABLE `user` (
  `id` int(11) NOT NULL AUTO_INCREMENT,
  `username` varchar(32) COLLATE utf8_unicode_ci NOT NULL,
  `displayname` varchar(255) CHARACTER SET utf8 NOT NULL,
  `auth_key` varchar(32) COLLATE utf8_unicode_ci NOT NULL,
  `password_hash` varchar(255) COLLATE utf8_unicode_ci NOT NULL,
  `password_reset_token` varchar(255) COLLATE utf8_unicode_ci DEFAULT NULL,
  `email` varchar(255) COLLATE utf8_unicode_ci NOT NULL,
  `status` smallint(6) NOT NULL DEFAULT '10',
  `created_at` int(11) NOT NULL,
  `updated_at` int(11) NOT NULL,
  `company_id` int(10) DEFAULT NULL,
  `timezone` varchar(255) COLLATE utf8_unicode_ci NOT NULL,
  PRIMARY KEY (`id`),
  KEY `CompanyForeign` (`company_id`),
  CONSTRAINT `CompanyForeign` FOREIGN KEY (`company_id`) REFERENCES `company` (`id`)
) ENGINE=InnoDB AUTO_INCREMENT=5 DEFAULT CHARSET=utf8 COLLATE=utf8_unicode_ci;
/*!40101 SET character_set_client = @saved_cs_client */;

--
-- Dumping data for table `user`
--

LOCK TABLES `user` WRITE;
/*!40000 ALTER TABLE `user` DISABLE KEYS */;
INSERT INTO `user` VALUES (1,'admin','Админ','3o5O5i0tNDzCy4GE4hr3yJJn-Brby8eU','$2y$13$Nxv7LVnsFWAW0shKEUveo.ALwRV9rr8Ib8wzAVZdqDVxbBTt3H38a',NULL,'admin@admin.ru',10,1501502806,1502882730,2,''),(3,'oktava','Октава','2B-_qByK8l5Mo2mJDr9RyKYnmRMpkTut','$2y$13$SqG7mgmqrthQ4fv2ltb1OONVGIg7rRUDBgQzhj0gQyOBEo7VcKFgm',NULL,'admin@admin1.ru',10,1501584607,1503987997,1,'Europe/Moscow'),(4,'taxi','taxi','4UJtGSAX_SLzJjoCqscfkdbliyIZKDIN','$2y$13$zX/fGcAT1OT4D8fKZ65fuu3BlTbKuYz4mPj2XlaeNIf5Ufem0l7se',NULL,'1@1.ru',10,1504848107,1508748718,3,'Europe/Moscow');
/*!40000 ALTER TABLE `user` ENABLE KEYS */;
UNLOCK TABLES;

--
-- Table structure for table `users`
--

DROP TABLE IF EXISTS `users`;
/*!40101 SET @saved_cs_client     = @@character_set_client */;
/*!40101 SET character_set_client = utf8 */;
CREATE TABLE `users` (
  `id` int(11) NOT NULL AUTO_INCREMENT,
  `authid` varchar(50) NOT NULL,
  `username` varchar(50) DEFAULT NULL,
  `password` varchar(255) DEFAULT NULL,
  `salt` varchar(255) DEFAULT NULL,
  `displayname` varchar(50) DEFAULT NULL,
  `company_id` int(10) DEFAULT NULL,
  PRIMARY KEY (`id`),
  UNIQUE KEY `authid_UNIQUE` (`authid`)
) ENGINE=InnoDB AUTO_INCREMENT=5 DEFAULT CHARSET=utf8;
/*!40101 SET character_set_client = @saved_cs_client */;

--
-- Dumping data for table `users`
--

LOCK TABLES `users` WRITE;
/*!40000 ALTER TABLE `users` DISABLE KEYS */;
INSERT INTO `users` VALUES (1,'local:admin','admin','s9D13DkrY3s1J4O68G0GSsUTgNzm/J4nDp1081TnAIEjDxb7LR/Q3jlZTQGCs8CKfL+/i6jS4G9DIFJRIF9FkuL8wLIWFXQ+d1mEqcXdNbshsy0G2MKDmfcdZDXXFzcIl2hMwy+/JLgtjaXJWmfQK5spSMlb1OqzfTMWTC23/gE=','nKdF+tc0CGdpmmOTjI7KDt+M5yLWWId6iag58kr7MJWOy09HnPpZBIiLgBELoIjzQkRuvbiL7YTsVAQ/85ompg==','Administrator',777),(3,'local:oktava','oktava','w8Ts7vVHWpwnyrlbFjnSVhuZzRd4JXQKWCl0DroW2O3JqDH/nlQKhN9dGAexuTDwTFuy+e4cORtnH5sDrhftv8G3lNoYsbppE/bB1tWmioUxdIEsPjSKbYFVrkZRIOjXh5MISaJ2nEU9UKR6SIqPIabpdQeFbRsvJxPEytEpL58=','XZtXzvWRvG9HEH4IX9WvQtrsoExm+HeWxtbIsT8qNOLfJi5t2spzzpgKPmGFleg7DC74SenrgE7XB64tLY6HCg==','oktava',1),(4,'local:taxi','taxi','SJIzZw/57dU4fpeU/gLKIUgB/Is+GeSrqZIIbtli71qSkHiihIzIAIwNjrUgdG2fVWFeC2u1X8bVHSHowX28v+FX7ksGZtn9CuHYJRqBV/YOZyHWmdfpYIREKr7ypsRuGaTV0vDK9Qx8ik0hjydtfjrKvdK9WE4bA8qut9ibNsM=','oFjPUSsxhQnzgc5m1/T7xH3aEhjvCKYdCKw/xdbok9Mfb3H45Qb2o6AzfwmJ7PLed6MCNQevRDcYMhjA486E2Q==','taxi',4);
/*!40000 ALTER TABLE `users` ENABLE KEYS */;
UNLOCK TABLES;

--
-- Table structure for table `usertowg`
--

DROP TABLE IF EXISTS `usertowg`;
/*!40101 SET @saved_cs_client     = @@character_set_client */;
/*!40101 SET character_set_client = utf8 */;
CREATE TABLE `usertowg` (
  `id` int(11) NOT NULL AUTO_INCREMENT,
  `wg_id` int(11) NOT NULL,
  `username_id` int(11) NOT NULL,
  PRIMARY KEY (`id`),
  KEY `AssigneeToWg` (`wg_id`),
  KEY `UsernameToWg` (`username_id`),
  CONSTRAINT `AssigneeToWg` FOREIGN KEY (`wg_id`) REFERENCES `workgroups` (`id`)
) ENGINE=InnoDB AUTO_INCREMENT=6 DEFAULT CHARSET=utf8 ROW_FORMAT=COMPACT;
/*!40101 SET character_set_client = @saved_cs_client */;

--
-- Dumping data for table `usertowg`
--

LOCK TABLES `usertowg` WRITE;
/*!40000 ALTER TABLE `usertowg` DISABLE KEYS */;
INSERT INTO `usertowg` VALUES (3,1,3),(4,5,4),(5,6,4);
/*!40000 ALTER TABLE `usertowg` ENABLE KEYS */;
UNLOCK TABLES;

--
-- Table structure for table `workgroups`
--

DROP TABLE IF EXISTS `workgroups`;
/*!40101 SET @saved_cs_client     = @@character_set_client */;
/*!40101 SET character_set_client = utf8 */;
CREATE TABLE `workgroups` (
  `id` int(11) NOT NULL AUTO_INCREMENT,
  `wg_name` varchar(250) NOT NULL,
  PRIMARY KEY (`id`)
) ENGINE=InnoDB AUTO_INCREMENT=7 DEFAULT CHARSET=utf8;
/*!40101 SET character_set_client = @saved_cs_client */;

--
-- Dumping data for table `workgroups`
--

LOCK TABLES `workgroups` WRITE;
/*!40000 ALTER TABLE `workgroups` DISABLE KEYS */;
INSERT INTO `workgroups` VALUES (1,'Рабочая группа Октава'),(4,'Еще РГ тест'),(5,'такси рг'),(6,'Командир РГ');
/*!40000 ALTER TABLE `workgroups` ENABLE KEYS */;
UNLOCK TABLES;
/*!40103 SET TIME_ZONE=@OLD_TIME_ZONE */;

/*!40101 SET SQL_MODE=@OLD_SQL_MODE */;
/*!40014 SET FOREIGN_KEY_CHECKS=@OLD_FOREIGN_KEY_CHECKS */;
/*!40014 SET UNIQUE_CHECKS=@OLD_UNIQUE_CHECKS */;
/*!40101 SET CHARACTER_SET_CLIENT=@OLD_CHARACTER_SET_CLIENT */;
/*!40101 SET CHARACTER_SET_RESULTS=@OLD_CHARACTER_SET_RESULTS */;
/*!40101 SET COLLATION_CONNECTION=@OLD_COLLATION_CONNECTION */;
/*!40111 SET SQL_NOTES=@OLD_SQL_NOTES */;

-- Dump completed on 2017-11-07 15:54:19
